id,model_path,model_tracked,model_exists,bytes_checked,sha256_checked,format_checked,glb_version_checked,container_parsed,decoded_checked,required_extensions,triangles_checked,geometry_bytes_checked,box_xyz_m_checked,dimensions_declared,normalization_provenance,preview_path,preview_exists,preview_bytes,preview_sha256,preview_format_checked,permission_path,permission_exists,permission_bytes,permission_sha256,permission_conclusion,commercial_redistribution_streaming_modification_attribution_territory_duration_brand,integration
ikea-demo-001,assets/_placeholder/demo-model.glb,False,False,,,missing,,False,False,null,,,null,"{""width"": 220, ""height"": 85, ""depth"": 95, ""unit"": ""cm""}",pending: no verified per-asset normalization/source dimensions,previews/_placeholder/demo-preview.svg,True,1945,85ac456de06c1e0f1c6d215191029228ce8fcccbddfac022a9937e6d42d4d879,SVG XML parsed,docs/placeholder-permission-ikea.pdf,False,,,document missing,ALL pending/not verified,excluded
ikea-demo-002,assets/_placeholder/demo-model.glb,False,False,,,missing,,False,False,null,,,null,"{""width"": 82, ""height"": 101, ""depth"": 85, ""unit"": ""cm""}",pending: no verified per-asset normalization/source dimensions,previews/_placeholder/demo-preview.svg,True,1945,85ac456de06c1e0f1c6d215191029228ce8fcccbddfac022a9937e6d42d4d879,SVG XML parsed,permissions/README.md,True,3630,4ea9d0a19c8c6da31aea84e82c1af1622d2323b78aed3aa47773f730eaa12aac,template pending; not a permission,ALL pending/not verified,excluded
ikea-demo-003,assets/_placeholder/demo-model.glb,False,False,,,missing,,False,False,null,,,null,"{""width"": 90, ""height"": 45, ""depth"": 90, ""unit"": ""cm""}",pending: no verified per-asset normalization/source dimensions,previews/_placeholder/demo-preview.svg,True,1945,85ac456de06c1e0f1c6d215191029228ce8fcccbddfac022a9937e6d42d4d879,SVG XML parsed,permissions/README.md,True,3630,4ea9d0a19c8c6da31aea84e82c1af1622d2323b78aed3aa47773f730eaa12aac,template pending; not a permission,ALL pending/not verified,excluded
ikea-demo-004,assets/_placeholder/demo-model.glb,False,False,,,missing,,False,False,null,,,null,"{""width"": 180, ""height"": 75, ""depth"": 90, ""unit"": ""cm""}",pending: no verified per-asset normalization/source dimensions,previews/_placeholder/demo-preview.svg,True,1945,85ac456de06c1e0f1c6d215191029228ce8fcccbddfac022a9937e6d42d4d879,SVG XML parsed,permissions/README.md,True,3630,4ea9d0a19c8c6da31aea84e82c1af1622d2323b78aed3aa47773f730eaa12aac,template pending; not a permission,ALL pending/not verified,excluded
ikea-demo-005,assets/_placeholder/demo-model.glb,False,False,,,missing,,False,False,null,,,null,"{""width"": 47, ""height"": 80, ""depth"": 50, ""unit"": ""cm""}",pending: no verified per-asset normalization/source dimensions,previews/_placeholder/demo-preview.svg,True,1945,85ac456de06c1e0f1c6d215191029228ce8fcccbddfac022a9937e6d42d4d879,SVG XML parsed,permissions/README.md,True,3630,4ea9d0a19c8c6da31aea84e82c1af1622d2323b78aed3aa47773f730eaa12aac,template pending; not a permission,ALL pending/not verified,excluded
ikea-demo-006,assets/_placeholder/demo-model.glb,False,False,,,missing,,False,False,null,,,null,"{""width"": 180, ""height"": 100, ""depth"": 200, ""unit"": ""cm""}",pending: no verified per-asset normalization/source dimensions,previews/_placeholder/demo-preview.svg,True,1945,85ac456de06c1e0f1c6d215191029228ce8fcccbddfac022a9937e6d42d4d879,SVG XML parsed,permissions/README.md,True,3630,4ea9d0a19c8c6da31aea84e82c1af1622d2323b78aed3aa47773f730eaa12aac,template pending; not a permission,ALL pending/not verified,excluded
ikea-demo-007,assets/_placeholder/demo-model.glb,False,False,,,missing,,False,False,null,,,null,"{""width"": 200, ""height"": 236, ""depth"": 60, ""unit"": ""cm""}",pending: no verified per-asset normalization/source dimensions,previews/_placeholder/demo-preview.svg,True,1945,85ac456de06c1e0f1c6d215191029228ce8fcccbddfac022a9937e6d42d4d879,SVG XML parsed,permissions/README.md,True,3630,4ea9d0a19c8c6da31aea84e82c1af1622d2323b78aed3aa47773f730eaa12aac,template pending; not a permission,ALL pending/not verified,excluded
ikea-demo-008,assets/_placeholder/demo-model.glb,False,False,,,missing,,False,False,null,,,null,"{""width"": 28, ""height"": 150, ""depth"": 28, ""unit"": ""cm""}",pending: no verified per-asset normalization/source dimensions,previews/_placeholder/demo-preview.svg,True,1945,85ac456de06c1e0f1c6d215191029228ce8fcccbddfac022a9937e6d42d4d879,SVG XML parsed,permissions/README.md,True,3630,4ea9d0a19c8c6da31aea84e82c1af1622d2323b78aed3aa47773f730eaa12aac,template pending; not a permission,ALL pending/not verified,excluded
ikea-demo-009,assets/_placeholder/demo-model.glb,False,False,,,missing,,False,False,null,,,null,"{""width"": 170, ""height"": 1, ""depth"": 240, ""unit"": ""cm""}",pending: no verified per-asset normalization/source dimensions,previews/_placeholder/demo-preview.svg,True,1945,85ac456de06c1e0f1c6d215191029228ce8fcccbddfac022a9937e6d42d4d879,SVG XML parsed,permissions/README.md,True,3630,4ea9d0a19c8c6da31aea84e82c1af1622d2323b78aed3aa47773f730eaa12aac,template pending; not a permission,ALL pending/not verified,excluded
ikea-demo-010,assets/_placeholder/demo-model.glb,False,False,,,missing,,False,False,null,,,null,"{""width"": 15, ""height"": 30, ""depth"": 15, ""unit"": ""cm""}",pending: no verified per-asset normalization/source dimensions,previews/_placeholder/demo-preview.svg,True,1945,85ac456de06c1e0f1c6d215191029228ce8fcccbddfac022a9937e6d42d4d879,SVG XML parsed,permissions/README.md,True,3630,4ea9d0a19c8c6da31aea84e82c1af1622d2323b78aed3aa47773f730eaa12aac,template pending; not a permission,ALL pending/not verified,excluded
ikea-demo-011,assets/_placeholder/demo-model.glb,False,False,,,missing,,False,False,null,,,null,"{""width"": 80, ""height"": 202, ""depth"": 28, ""unit"": ""cm""}",pending: no verified per-asset normalization/source dimensions,previews/_placeholder/demo-preview.svg,True,1945,85ac456de06c1e0f1c6d215191029228ce8fcccbddfac022a9937e6d42d4d879,SVG XML parsed,permissions/README.md,True,3630,4ea9d0a19c8c6da31aea84e82c1af1622d2323b78aed3aa47773f730eaa12aac,template pending; not a permission,ALL pending/not verified,excluded
ikea-demo-012,assets/_placeholder/demo-model.glb,False,False,,,missing,,False,False,null,,,null,"{""width"": 126, ""height"": 90, ""depth"": 79, ""unit"": ""cm""}",pending: no verified per-asset normalization/source dimensions,previews/_placeholder/demo-preview.svg,True,1945,85ac456de06c1e0f1c6d215191029228ce8fcccbddfac022a9937e6d42d4d879,SVG XML parsed,permissions/README.md,True,3630,4ea9d0a19c8c6da31aea84e82c1af1622d2323b78aed3aa47773f730eaa12aac,template pending; not a permission,ALL pending/not verified,excluded
ikea-demo-013,assets/_placeholder/demo-model.glb,False,False,,,missing,,False,False,null,,,null,"{""width"": 100, ""height"": 64, ""depth"": 49, ""unit"": ""cm""}",pending: no verified per-asset normalization/source dimensions,previews/_placeholder/demo-preview.svg,True,1945,85ac456de06c1e0f1c6d215191029228ce8fcccbddfac022a9937e6d42d4d879,SVG XML parsed,permissions/README.md,True,3630,4ea9d0a19c8c6da31aea84e82c1af1622d2323b78aed3aa47773f730eaa12aac,template pending; not a permission,ALL pending/not verified,excluded
ikea-demo-014,assets/_placeholder/demo-model.glb,False,False,,,missing,,False,False,null,,,null,"{""width"": 150, ""height"": 74, ""depth"": 75, ""unit"": ""cm""}",pending: no verified per-asset normalization/source dimensions,previews/_placeholder/demo-preview.svg,True,1945,85ac456de06c1e0f1c6d215191029228ce8fcccbddfac022a9937e6d42d4d879,SVG XML parsed,permissions/README.md,True,3630,4ea9d0a19c8c6da31aea84e82c1af1622d2323b78aed3aa47773f730eaa12aac,template pending; not a permission,ALL pending/not verified,excluded
ikea-demo-015,assets/_placeholder/demo-model.glb,False,False,,,missing,,False,False,null,,,null,"{""width"": 50, ""height"": 10, ""depth"": 50, ""unit"": ""cm""}",pending: no verified per-asset normalization/source dimensions,previews/_placeholder/demo-preview.svg,True,1945,85ac456de06c1e0f1c6d215191029228ce8fcccbddfac022a9937e6d42d4d879,SVG XML parsed,permissions/README.md,True,3630,4ea9d0a19c8c6da31aea84e82c1af1622d2323b78aed3aa47773f730eaa12aac,template pending; not a permission,ALL pending/not verified,excluded
ikea-demo-016,assets/_placeholder/demo-model.glb,False,False,,,missing,,False,False,null,,,null,"{""width"": 47, ""height"": 52, ""depth"": 47, ""unit"": ""cm""}",pending: no verified per-asset normalization/source dimensions,previews/_placeholder/demo-preview.svg,True,1945,85ac456de06c1e0f1c6d215191029228ce8fcccbddfac022a9937e6d42d4d879,SVG XML parsed,permissions/README.md,True,3630,4ea9d0a19c8c6da31aea84e82c1af1622d2323b78aed3aa47773f730eaa12aac,template pending; not a permission,ALL pending/not verified,excluded
ikea-demo-017,assets/_placeholder/demo-model.glb,False,False,,,missing,,False,False,null,,,null,"{""width"": 53, ""height"": 50, ""depth"": 53, ""unit"": ""cm""}",pending: no verified per-asset normalization/source dimensions,previews/_placeholder/demo-preview.svg,True,1945,85ac456de06c1e0f1c6d215191029228ce8fcccbddfac022a9937e6d42d4d879,SVG XML parsed,permissions/README.md,True,3630,4ea9d0a19c8c6da31aea84e82c1af1622d2323b78aed3aa47773f730eaa12aac,template pending; not a permission,ALL pending/not verified,excluded
ikea-demo-018,assets/_placeholder/demo-model.glb,False,False,,,missing,,False,False,null,,,null,"{""width"": 65, ""height"": 150, ""depth"": 2, ""unit"": ""cm""}",pending: no verified per-asset normalization/source dimensions,previews/_placeholder/demo-preview.svg,True,1945,85ac456de06c1e0f1c6d215191029228ce8fcccbddfac022a9937e6d42d4d879,SVG XML parsed,permissions/README.md,True,3630,4ea9d0a19c8c6da31aea84e82c1af1622d2323b78aed3aa47773f730eaa12aac,template pending; not a permission,ALL pending/not verified,excluded
ikea-demo-019,assets/_placeholder/demo-model.glb,False,False,,,missing,,False,False,null,,,null,"{""width"": 42, ""height"": 91, ""depth"": 48, ""unit"": ""cm""}",pending: no verified per-asset normalization/source dimensions,previews/_placeholder/demo-preview.svg,True,1945,85ac456de06c1e0f1c6d215191029228ce8fcccbddfac022a9937e6d42d4d879,SVG XML parsed,permissions/README.md,True,3630,4ea9d0a19c8c6da31aea84e82c1af1622d2323b78aed3aa47773f730eaa12aac,template pending; not a permission,ALL pending/not verified,excluded
ikea-demo-020,assets/_placeholder/demo-model.glb,False,False,,,missing,,False,False,null,,,null,"{""width"": 145, ""height"": 250, ""depth"": 1, ""unit"": ""cm""}",pending: no verified per-asset normalization/source dimensions,previews/_placeholder/demo-preview.svg,True,1945,85ac456de06c1e0f1c6d215191029228ce8fcccbddfac022a9937e6d42d4d879,SVG XML parsed,permissions/README.md,True,3630,4ea9d0a19c8c6da31aea84e82c1af1622d2323b78aed3aa47773f730eaa12aac,template pending; not a permission,ALL pending/not verified,excluded
ikea-vittskar-armchair-outdoor-dark-grey-20575167,assets/ikea/chairs/vittskar-armchair-outdoor-dark-grey.glb,True,True,2330000,56f00593a0eddb94a1b15a9be12598a9d5381febff35143e98f5739b286fb5f2,GLB,2,True,True,"[""EXT_texture_webp"", ""KHR_draco_mesh_compression""]",43782,2668056,"[0.6124151945114136, 0.9454155656276271, 0.6578755378723145]","{""width"": 64, ""height"": 95, ""depth"": 59, ""unit"": ""cm""}",pending: no verified per-asset normalization/source dimensions,previews/ikea/chair/ikea-vittskar-armchair-outdoor-dark-grey-20575167-preview.png,True,607413,f21171f553055dc3eaf369c307ae73cacfc8d85487ca038edb986f1d8a189625,PNG signature,permissions/README.md,True,3630,4ea9d0a19c8c6da31aea84e82c1af1622d2323b78aed3aa47773f730eaa12aac,template pending; not a permission,ALL pending/not verified,excluded
ikea-vasman-armchair-outdoor-brown,assets/ikea/chairs/vasman-armchair-outdoor-brown.glb,True,True,465188,5ff3354496f91625dfa3aa9b61a4f40fcb153c8c651a903ce84632611079af35,GLB,2,True,True,"[""EXT_texture_webp"", ""KHR_draco_mesh_compression""]",87017,3376364,"[0.5709135234355927, 0.9201855431310833, 0.636534184217453]","{""width"": null, ""height"": null, ""depth"": null, ""unit"": ""cm""}",pending: no verified per-asset normalization/source dimensions,previews/ikea/chair/ikea-vasman-armchair-outdoor-brown-preview.png,True,399272,45a07f27170f663034838489935daef1e6ef0dc68f8cae03c146949757c7aa94,PNG signature,permissions/README.md,True,3630,4ea9d0a19c8c6da31aea84e82c1af1622d2323b78aed3aa47773f730eaa12aac,template pending; not a permission,ALL pending/not verified,excluded
ikea-nammaro-garden-table-light-brown,assets/ikea/tables/nammaro-garden-table-light-brown.glb,True,True,184216,5ab7c7e20f99fe76b13a4cc9f2a4dba6323ca0c1d87d9532eb80d1cecec0070b,GLB,2,True,True,"[""EXT_texture_webp"", ""KHR_draco_mesh_compression""]",17479,916084,"[0.7500013709068298, 0.7500013995689869, 0.6298252940177917]","{""width"": null, ""height"": null, ""depth"": null, ""unit"": ""cm""}",pending: no verified per-asset normalization/source dimensions,previews/ikea/table/ikea-nammaro-garden-table-light-brown-preview.png,True,201171,da2e1f092d33fbe82e0d8f2a67876a312e5feed2cc08803a2772be846f48fb03,PNG signature,permissions/README.md,True,3630,4ea9d0a19c8c6da31aea84e82c1af1622d2323b78aed3aa47773f730eaa12aac,template pending; not a permission,ALL pending/not verified,excluded
ikea-hakanskar-outdoor-coffee-table-light-brown,assets/ikea/side-tables/hakanskar-outdoor-coffee-table-light-brown.glb,True,True,231792,65a3386d975ff4b2a4c6f7a0029feebdffb206398cc4a56d8cb3d095e7e41033,GLB,2,True,True,"[""EXT_texture_webp"", ""KHR_draco_mesh_compression""]",18782,1070056,"[0.8001114726066589, 0.6418090408551507, 0.4256577491760254]","{""width"": null, ""height"": null, ""depth"": null, ""unit"": ""cm""}",pending: no verified per-asset normalization/source dimensions,previews/ikea/side-table/ikea-hakanskar-outdoor-coffee-table-light-brown-preview.png,True,523534,e47047ecad1ce717f11227847660300401307fb5506d1b93a4b1a96ba7fa96a3,PNG signature,permissions/README.md,True,3630,4ea9d0a19c8c6da31aea84e82c1af1622d2323b78aed3aa47773f730eaa12aac,template pending; not a permission,ALL pending/not verified,excluded
ikea-nammaro-2-seat-outdoor-sofa-light-brown-beige-grey,assets/ikea/lounge/nammaro-2-seat-outdoor-sofa-light-brown-beige-grey.glb,True,True,559996,f284e9ba36ec44880d6c7b82bf4370e5228748c1d32f1f0a06414e082c3446fb,GLB,2,True,True,"[""EXT_texture_webp"", ""KHR_draco_mesh_compression""]",7147,414996,"[1.2704079151153564, 0.7977755069732666, 0.7425639629364014]","{""width"": null, ""height"": null, ""depth"": null, ""unit"": ""cm""}",pending: no verified per-asset normalization/source dimensions,previews/ikea/lounge/ikea-nammaro-2-seat-outdoor-sofa-light-brown-beige-grey-preview.png,True,347121,b1e41a04f3b4049601b86cd0151d1b3fb975d8ffc44b4356e87388caa6233c3f,PNG signature,permissions/README.md,True,3630,4ea9d0a19c8c6da31aea84e82c1af1622d2323b78aed3aa47773f730eaa12aac,template pending; not a permission,ALL pending/not verified,excluded
ikea-solvinden-solar-floor-lamp-outdoor-beige,assets/ikea/lighting/solvinden-solar-floor-lamp-outdoor-beige.glb,True,True,25968,fd7be7eae99afc3a787482afa17244fa4db27e71e2a8d261d3a7726494160411,GLB,2,True,True,"[""KHR_draco_mesh_compression""]",10614,256368,"[0.2583029270172119, 1.1999977827072144, 0.24998131394386292]","{""width"": null, ""height"": null, ""depth"": null, ""unit"": ""cm""}",pending: no verified per-asset normalization/source dimensions,previews/ikea/lighting/ikea-solvinden-solar-floor-lamp-outdoor-beige-preview.png,True,34897,3a8646e738815baa49965ddfcff6e8ebbb32b396dfb446cb88acf64591a0d738,PNG signature,permissions/README.md,True,3630,4ea9d0a19c8c6da31aea84e82c1af1622d2323b78aed3aa47773f730eaa12aac,template pending; not a permission,ALL pending/not verified,excluded
ikea-morum-indoor-outdoor-rug-beige,assets/ikea/rugs/morum-indoor-outdoor-rug-beige.glb,True,True,275944,db17959485c5559bf8f5048e615418e6720daafbbff80e318e86c119276c2afb,GLB,2,True,True,"[""EXT_texture_webp"", ""KHR_draco_mesh_compression""]",2997,124860,"[1.594291090965271, 0.015863591484958306, 2.319483757019043]","{""width"": null, ""height"": null, ""depth"": null, ""unit"": ""cm""}",pending: no verified per-asset normalization/source dimensions,previews/ikea/rug/ikea-morum-indoor-outdoor-rug-beige-preview.png,True,201535,7b7a252e918cf091b61a27ee09cae4255c8b47ddf172d308d34faf40b240ebd9,PNG signature,permissions/README.md,True,3630,4ea9d0a19c8c6da31aea84e82c1af1622d2323b78aed3aa47773f730eaa12aac,template pending; not a permission,ALL pending/not verified,excluded
ikea-stjarnanis-outdoor-planter-acacia-90612029,assets/ikea/planters/stjarnanis-outdoor-planter-acacia-90612029.glb,True,True,145388,fd9b110f65d0a0849d5ae8cd72141fccfe010c196d9ddf4bb1591517d73a389c,GLB,2,True,True,"[""EXT_texture_webp"", ""KHR_draco_mesh_compression""]",8588,481536,"[0.7505385875701904, 0.27004132532420044, 0.2702387720346451]","{""width"": null, ""height"": null, ""depth"": null, ""unit"": ""cm""}",pending: no verified per-asset normalization/source dimensions,previews/ikea/planter/ikea-stjarnanis-outdoor-planter-acacia-90612029-preview.png,True,399512,e694576b9d1f9476bc77c4a92330e18de2935f47912d09d57f5f1f4dd3802ba2,PNG signature,permissions/README.md,True,3630,4ea9d0a19c8c6da31aea84e82c1af1622d2323b78aed3aa47773f730eaa12aac,template pending; not a permission,ALL pending/not verified,excluded
ikea-havsten-outdoor-back-seat-cushion-beige-90542499,assets/ikea/textile/havsten-outdoor-back-seat-cushion-beige-90542499.glb,True,True,388264,34e4e8f730597a507f48ede4559c19b2a884f09163a8679b86de0f3fd85e0139,GLB,2,True,True,"[""KHR_draco_mesh_compression""]",1232,62016,"[0.8872982015188113, 0.7606788705370168, 0.9864753200824983]","{""width"": null, ""height"": null, ""depth"": null, ""unit"": ""cm""}",pending: no verified per-asset normalization/source dimensions,previews/ikea/textile/ikea-havsten-outdoor-back-seat-cushion-beige-90542499-preview.png,True,198216,78435bc1459d40c729de084b453896f20306beceb150c33d591c589940b9669c,PNG signature,permissions/README.md,True,3630,4ea9d0a19c8c6da31aea84e82c1af1622d2323b78aed3aa47773f730eaa12aac,template pending; not a permission,ALL pending/not verified,excluded
ikea-sjalsligt-decoration-set-of-3,assets/ikea/decor/sjalsligt-decoration-set-of-3.glb,True,True,333472,4423a43ff3db643795c3a2da8866fc724b92f2c5b38fa28286156c65154906f1,GLB,2,True,True,"[""EXT_texture_webp"", ""KHR_draco_mesh_compression""]",54714,1786840,"[0.2529448218941689, 0.1863566475554253, 0.1683253855109215]","{""width"": null, ""height"": null, ""depth"": null, ""unit"": ""cm""}",pending: no verified per-asset normalization/source dimensions,previews/ikea/decor/ikea-sjalsligt-decoration-set-of-3-preview.png,True,438441,19a9f590f9795db13c73befe93c6c05570b582bf8539f294588892b1cd171fe6,PNG signature,permissions/README.md,True,3630,4ea9d0a19c8c6da31aea84e82c1af1622d2323b78aed3aa47773f730eaa12aac,template pending; not a permission,ALL pending/not verified,excluded
ikea-brimnes-tv-unit-white-demo,assets/ikea/tv-unit/brimnes-mueble-tv-blanco.glb,True,True,478800,ff59d8491500ac4317a2ec6fde15f1060bf85c8b924bbcdb56d5efc06f764069,GLB,2,True,True,"[""EXT_texture_webp"", ""KHR_draco_mesh_compression""]",1264,97200,"[1.8044568300247192, 0.535692177596502, 0.4422870874404907]","{""width"": null, ""height"": null, ""depth"": null, ""unit"": ""cm""}",pending: no verified per-asset normalization/source dimensions,previews/ikea/tv-unit/ikea-brimnes-tv-unit-white-demo-preview.png,True,133469,58b6f78d4c84bd71c40556e889b6efad7774175165d3a2fb5190919822d20175,PNG signature,permissions/README.md,True,3630,4ea9d0a19c8c6da31aea84e82c1af1622d2323b78aed3aa47773f730eaa12aac,template pending; not a permission,ALL pending/not verified,excluded
ikea-hemnes-tv-unit-white-light-brown-stain-demo,assets/ikea/tv-unit/hemnes-mueble-tv-tinte-blancomarron-claro.glb,True,True,146392,23b9bf671b18666df2cb04aba8bce5e7769077d0fe1a283e28150483204ca80d,GLB,2,True,True,"[""EXT_texture_webp"", ""KHR_draco_mesh_compression""]",14030,751272,"[1.477000117301941, 0.5700196027755737, 0.4884851574897766]","{""width"": null, ""height"": null, ""depth"": null, ""unit"": ""cm""}",pending: no verified per-asset normalization/source dimensions,previews/ikea/tv-unit/ikea-hemnes-tv-unit-white-light-brown-stain-demo-preview.png,True,154767,f621502858c3018918510f29ddb89957573230b2cb7355978272feaf25ce0f2c,PNG signature,permissions/README.md,True,3630,4ea9d0a19c8c6da31aea84e82c1af1622d2323b78aed3aa47773f730eaa12aac,template pending; not a permission,ALL pending/not verified,excluded
ikea-fjallbo-tv-unit-black-90339290,assets/ikea/tv-unit/fjallbo-mueble-tv-negro-90339290.glb,True,True,2655912,9a8d46aeddc8e423ceab912ff640c3895dd807f178e002954db57749779da220,GLB,2,True,True,"[""KHR_draco_mesh_compression""]",10477,946188,"[1.4943758192211463, 0.5396964891281836, 0.3814341402892433]","{""width"": null, ""height"": null, ""depth"": null, ""unit"": ""cm""}",pending: no verified per-asset normalization/source dimensions,previews/ikea/tv-unit/ikea-fjallbo-tv-unit-black-90339290-preview.png,True,628524,4294cfbd977c9d59a67eb49d70844a3a3bf320ae66ea9d85a88b252d81c94fd7,PNG signature,permissions/README.md,True,3630,4ea9d0a19c8c6da31aea84e82c1af1622d2323b78aed3aa47773f730eaa12aac,template pending; not a permission,ALL pending/not verified,excluded
ikea-glostad-3-seat-sofa-knisa-dark-grey-demo,assets/ikea/sofa/glostad-sofa-de-3-plazas-knisa-gris-oscuro.glb,True,True,55708,ee97e34a2da4926d7bea51a0b3f9d0d59031a17730d2d4b731c45d701e172aad,GLB,2,True,True,"[""EXT_texture_webp"", ""KHR_draco_mesh_compression"", ""KHR_texture_transform""]",11880,410976,"[1.7800002098083496, 0.8107075691223145, 0.7799927592277527]","{""width"": null, ""height"": null, ""depth"": null, ""unit"": ""cm""}",pending: no verified per-asset normalization/source dimensions,previews/ikea/sofa/ikea-glostad-3-seat-sofa-knisa-dark-grey-demo-preview.png,True,246390,a50d44abf36989c4c08f4743417610762332759b7752ef56a2ab53a39383e08c,PNG signature,permissions/README.md,True,3630,4ea9d0a19c8c6da31aea84e82c1af1622d2323b78aed3aa47773f730eaa12aac,template pending; not a permission,ALL pending/not verified,excluded
ikea-glostad-2-seat-sofa-knisa-dark-grey-demo,assets/ikea/sofa/glostad-sofa-de-2-plazas-knisa-gris-oscuro.glb,True,True,892232,eb19b9bebedaabd3313c04e8a62bb3536685eafc861af3ee310126959c7464e4,GLB,2,True,True,"[""EXT_texture_webp"", ""KHR_draco_mesh_compression""]",22464,1503840,"[1.234559953212738, 0.7658677075669402, 0.7942756712436676]","{""width"": null, ""height"": null, ""depth"": null, ""unit"": ""cm""}",pending: no verified per-asset normalization/source dimensions,previews/ikea/sofa/ikea-glostad-2-seat-sofa-knisa-dark-grey-demo-preview.png,True,267568,fd5a98e482019b1c159fc7a7192cb6c4f47696a52ca29f353f71c1b1f694d9c5,PNG signature,permissions/README.md,True,3630,4ea9d0a19c8c6da31aea84e82c1af1622d2323b78aed3aa47773f730eaa12aac,template pending; not a permission,ALL pending/not verified,excluded
ikea-hyltarp-3-seat-sofa-gransel-natural-demo,assets/ikea/sofa/hyltarp-sofa-de-3-plazas-gransel-natural.glb,True,True,104372,27f5cbd13a7e0ba428a5d83121fcaf5c9d017f1ae90a12930bca2db123072f69,GLB,2,True,True,"[""EXT_texture_webp"", ""KHR_draco_mesh_compression""]",15834,496184,"[2.320000171661377, 0.9100928902626038, 0.9304935336112976]","{""width"": null, ""height"": null, ""depth"": null, ""unit"": ""cm""}",pending: no verified per-asset normalization/source dimensions,previews/ikea/sofa/ikea-hyltarp-3-seat-sofa-gransel-natural-demo-preview.png,True,445604,fc69378584dd0435225f38c7310ab17914893304a210174f828547685283e6fd,PNG signature,permissions/README.md,True,3630,4ea9d0a19c8c6da31aea84e82c1af1622d2323b78aed3aa47773f730eaa12aac,template pending; not a permission,ALL pending/not verified,excluded
ikea-kivik-3-seat-sofa-chaise-tibbleby-beige-grey-99440590,assets/ikea/sofa/kivik-sofa-3-plazas-con-chaiselongue-tibbleby-beisgris-99440590.glb,True,True,1057544,f292ebf24aeef527cfd06e1b3179b2cfa5c32040221a086657bb4e9eb4ce13b8,GLB,2,True,True,"[""KHR_draco_mesh_compression""]",4996,260976,"[2.790310502052307, 0.8481089207343757, 1.630062460899353]","{""width"": null, ""height"": null, ""depth"": null, ""unit"": ""cm""}",pending: no verified per-asset normalization/source dimensions,previews/ikea/sofa/ikea-kivik-3-seat-sofa-chaise-tibbleby-beige-grey-99440590-preview.png,True,210511,d76445cad4a7b11b86afc0ebdeb62cfb6dd4afb4814ad9d2a6c2ce7885738086,PNG signature,permissions/README.md,True,3630,4ea9d0a19c8c6da31aea84e82c1af1622d2323b78aed3aa47773f730eaa12aac,template pending; not a permission,ALL pending/not verified,excluded
ikea-eskilstuna-3-seat-sofa-chaise-hillared-anthracite-demo,assets/ikea/sofa/eskilstuna-sofa-3-plazas-con-chaiselongue-hillared-antracita.glb,True,True,136016,949e534cc7569ecaeeb58649d5d893d129d7eef5d94783c2e18da9fcd1780e72,GLB,2,True,True,"[""EXT_texture_webp"", ""KHR_draco_mesh_compression""]",14716,522832,"[2.680000066757202, 1.0002540349960327, 1.6195212602615356]","{""width"": null, ""height"": null, ""depth"": null, ""unit"": ""cm""}",pending: no verified per-asset normalization/source dimensions,previews/ikea/sofa/ikea-eskilstuna-3-seat-sofa-chaise-hillared-anthracite-demo-preview.png,True,179792,4589a375662be6762a72d313437b01973493a6e326e38cca8fbc574c002b89f3,PNG signature,permissions/README.md,True,3630,4ea9d0a19c8c6da31aea84e82c1af1622d2323b78aed3aa47773f730eaa12aac,template pending; not a permission,ALL pending/not verified,excluded
ikea-saltsjobaden-armchair-tonerud-red-brown-demo,assets/ikea/armchair/saltsjobaden-sillon-tonerud-marron-rojizo.glb,True,True,100784,a94ebc5651ee642324683de336517357cdc1c7ce9afdb2b4f0d130cfa0d9798b,GLB,2,True,True,"[""EXT_texture_webp"", ""KHR_draco_mesh_compression""]",40450,1204664,"[0.9300000667572021, 0.8999992609024048, 0.8200439810752869]","{""width"": null, ""height"": null, ""depth"": null, ""unit"": ""cm""}",pending: no verified per-asset normalization/source dimensions,previews/ikea/armchair/ikea-saltsjobaden-armchair-tonerud-red-brown-demo-preview.png,True,597641,d1b5ed890a6a54738e03d73311e4c06e5d1e18500e95c8f43a9efffa4c586cac,PNG signature,permissions/README.md,True,3630,4ea9d0a19c8c6da31aea84e82c1af1622d2323b78aed3aa47773f730eaa12aac,template pending; not a permission,ALL pending/not verified,excluded
ikea-strandmon-wing-chair-tommaboda-deep-beige-demo,assets/ikea/armchair/strandmon-sillon-orejero-tommaboda-beige-intenso.glb,True,True,1196180,c481248979e68c8b2f57be97d102611dfda9286693cf82cb726b966f996ff5d6,GLB,2,True,True,"[""EXT_texture_webp"", ""KHR_draco_mesh_compression""]",32982,2343432,"[0.8136402368545532, 1.0124751202092739, 0.9783467650413513]","{""width"": null, ""height"": null, ""depth"": null, ""unit"": ""cm""}",pending: no verified per-asset normalization/source dimensions,previews/ikea/armchair/ikea-strandmon-wing-chair-tommaboda-deep-beige-demo-preview.png,True,304846,a1e93eaa7983b96ebd6ca9d9af62e8309b31732e744a7fb05520f5967ca5e14a,PNG signature,permissions/README.md,True,3630,4ea9d0a19c8c6da31aea84e82c1af1622d2323b78aed3aa47773f730eaa12aac,template pending; not a permission,ALL pending/not verified,excluded
ikea-ektorp-armchair-kilanda-light-beige-99552101,assets/ikea/armchair/ektorp-sillon-kilanda-beige-claro-99552101.glb,True,True,400024,bddfeb16bb65a6b8fa70fcc1400a3883dbf88bb8c5394bc8ff0ccad91caed978,GLB,2,True,True,"[""KHR_draco_mesh_compression""]",10582,586728,"[1.059838891029358, 0.8838352560997009, 0.9196104407310486]","{""width"": null, ""height"": null, ""depth"": null, ""unit"": ""cm""}",pending: no verified per-asset normalization/source dimensions,previews/ikea/armchair/ikea-ektorp-armchair-kilanda-light-beige-99552101-preview.png,True,322690,e6c649bdad15f7be1ffd1e77228cb8899b044df88528fcb93c40b21b281e7ad0,PNG signature,permissions/README.md,True,3630,4ea9d0a19c8c6da31aea84e82c1af1622d2323b78aed3aa47773f730eaa12aac,template pending; not a permission,ALL pending/not verified,excluded
ikea-jarnvag-low-pile-rug-demo,assets/ikea/rug/jarnvag-alfombra-pelo-corto.glb,True,True,88008,34ee6000b61987ce2782c960b77a130bdbfe3f792e2eafc3f2e180f6b83f8753,GLB,2,True,True,"[""EXT_texture_webp"", ""KHR_draco_mesh_compression""]",12,1296,"[1.3298754692077637, 0.00952206552028656, 1.9500000476837158]","{""width"": null, ""height"": null, ""depth"": null, ""unit"": ""cm""}",pending: no verified per-asset normalization/source dimensions,previews/ikea/rug/ikea-jarnvag-low-pile-rug-demo-preview.png,True,232763,6df6f82eca6f48fdc11fff8e41b502781d4884bcd2bccba34d461e12de691623,PNG signature,permissions/README.md,True,3630,4ea9d0a19c8c6da31aea84e82c1af1622d2323b78aed3aa47773f730eaa12aac,template pending; not a permission,ALL pending/not verified,excluded
ikea-lauters-floor-lamp-brown-ash-demo,assets/ikea/lighting/lauters-lampara-de-pie-marron-fresno.glb,True,True,122144,aa556cdf8ec6155942a3dd1dee23411d13fa9ca55b731f1afd45b89f2e7e1de3,GLB,2,True,True,"[""EXT_texture_webp"", ""KHR_draco_mesh_compression""]",8880,448096,"[0.7191422581672668, 1.4348737001419067, 0.5527088642120361]","{""width"": null, ""height"": null, ""depth"": null, ""unit"": ""cm""}",pending: no verified per-asset normalization/source dimensions,previews/ikea/lighting/ikea-lauters-floor-lamp-brown-ash-demo-preview.png,True,47542,a84c2d6b552dae8a315862f28b3be4fc39ee80e515fe100c40cde7837b4651e4,PNG signature,permissions/README.md,True,3630,4ea9d0a19c8c6da31aea84e82c1af1622d2323b78aed3aa47773f730eaa12aac,template pending; not a permission,ALL pending/not verified,excluded
ikea-frotorp-coffee-table-white-chrome-white-glass-demo,assets/ikea/coffee-table/frotorp-mesa-de-centro-blanco-cromadoblanco-vidrio.glb,True,True,325104,102063ce485aaae9c75d65dc21c6584768f09fabc5b987819cd7e8dc68cce32d,GLB,2,True,True,"[""EXT_texture_webp"", ""KHR_draco_mesh_compression""]",13363,617684,"[0.8830379247665405, 0.3489876123207978, 0.8830379247665405]","{""width"": null, ""height"": null, ""depth"": null, ""unit"": ""cm""}",pending: no verified per-asset normalization/source dimensions,previews/ikea/coffee-table/ikea-frotorp-coffee-table-white-chrome-white-glass-demo-preview.png,True,143348,5783c4bdc6fcf827e2bb4b833c289d82310cdb80b6a80df2da2ec72d6565e866,PNG signature,permissions/README.md,True,3630,4ea9d0a19c8c6da31aea84e82c1af1622d2323b78aed3aa47773f730eaa12aac,template pending; not a permission,ALL pending/not verified,excluded
ikea-bankkontor-alfombra-pelo-largo-demo,assets/ikea/rug/bankkontor-alfombra-pelo-largo.glb,True,True,216064,3294a2c19f27bca97d5e7c2df96e29d075a3ae9bdf91cb292b0ebef0a8b14bab,GLB,2,True,True,"[""EXT_texture_webp"", ""KHR_draco_mesh_compression""]",6726,379128,"[1.9073877334594727, 0.029769890010356903, 2.66513729095459]","{""width"": null, ""height"": null, ""depth"": null, ""unit"": ""cm""}",pending: no verified per-asset normalization/source dimensions,previews/ikea/rug/ikea-bankkontor-alfombra-pelo-largo-demo-preview.png,True,182967,f71c2474ec1d16e74824a143defa22496733c665bcf6175548b32e528354ac85,PNG signature,permissions/README.md,True,3630,4ea9d0a19c8c6da31aea84e82c1af1622d2323b78aed3aa47773f730eaa12aac,template pending; not a permission,ALL pending/not verified,excluded
ikea-brimnes-armario-con-3-puertas-blanco-demo,assets/ikea/wardrobe/brimnes-armario-con-3-puertas-blanco.glb,True,True,310796,2db6efa9c99970f68b23dbb0fd84ab1adff8eb5474a4a403b3943d46efa3f77b,GLB,2,True,True,"[""EXT_texture_webp"", ""KHR_draco_mesh_compression""]",7545,470252,"[1.1705597639083862, 1.9370539956348694, 0.5289756655693054]","{""width"": null, ""height"": null, ""depth"": null, ""unit"": ""cm""}",pending: no verified per-asset normalization/source dimensions,previews/ikea/wardrobe/ikea-brimnes-armario-con-3-puertas-blanco-demo-preview.png,True,86521,316d8e27838e6322c74e22f06fc2ddc97736e96f444523807fbf7accb9ce1748,PNG signature,permissions/README.md,True,3630,4ea9d0a19c8c6da31aea84e82c1af1622d2323b78aed3aa47773f730eaa12aac,template pending; not a permission,ALL pending/not verified,excluded
ikea-brimnes-estructura-de-cama-con-almacenaje-blancoluroy-demo,assets/ikea/bed/brimnes-estructura-de-cama-con-almacenaje-blancoluroy.glb,True,True,630152,4aa5610bb99bff386190dc136eb31f50df8c3f0766b7f6534a762a2da8646669,GLB,2,True,True,"[""EXT_texture_webp"", ""KHR_draco_mesh_compression""]",51468,2900784,"[1.50615394115448, 0.46966224908828735, 2.054051399230957]","{""width"": null, ""height"": null, ""depth"": null, ""unit"": ""cm""}",pending: no verified per-asset normalization/source dimensions,previews/ikea/bed/ikea-brimnes-estructura-de-cama-con-almacenaje-blancoluroy-demo-preview.png,True,124605,d349241cec9b649cbb5abad5b1b44f8753ff86800c0194b40644be30e74edb48,PNG signature,permissions/README.md,True,3630,4ea9d0a19c8c6da31aea84e82c1af1622d2323b78aed3aa47773f730eaa12aac,template pending; not a permission,ALL pending/not verified,excluded
ikea-brimnes-mesita-de-noche-blanco-demo,assets/ikea/bedside-table/brimnes-mesita-de-noche-blanco.glb,True,True,286180,03af83991888397f5037b494959fa0617bc4dd0adba310e37e2380b0d46677fd,GLB,2,True,True,"[""EXT_texture_webp"", ""KHR_draco_mesh_compression""]",5640,280448,"[0.3910001218318939, 0.5342137712286785, 0.4355022460222244]","{""width"": null, ""height"": null, ""depth"": null, ""unit"": ""cm""}",pending: no verified per-asset normalization/source dimensions,previews/ikea/bedside-table/ikea-brimnes-mesita-de-noche-blanco-demo-preview.png,True,124860,5aec7300bbb193ce72eaa80830d56770515fe9ace5c5c4f8b0753efd3861200f,PNG signature,permissions/README.md,True,3630,4ea9d0a19c8c6da31aea84e82c1af1622d2323b78aed3aa47773f730eaa12aac,template pending; not a permission,ALL pending/not verified,excluded
ikea-hemnes-comoda-de-2-cajones-tinte-blanco-demo,assets/ikea/dresser/hemnes-comoda-de-2-cajones-tinte-blanco.glb,True,True,349912,0aa7a66669a143f5cf696b4ae227ea7a9b028da0c6d5be8e502b7fa0389c50ea,GLB,2,True,True,"[""EXT_texture_webp"", ""KHR_draco_mesh_compression""]",40238,2258984,"[0.5380000472068787, 0.6600075255942102, 0.38769739866256714]","{""width"": null, ""height"": null, ""depth"": null, ""unit"": ""cm""}",pending: no verified per-asset normalization/source dimensions,previews/ikea/dresser/ikea-hemnes-comoda-de-2-cajones-tinte-blanco-demo-preview.png,True,119372,bd48b4d1e07eae2d05845d903dfbe5070db8b7ac0406d30a141d0dc86ad63c28,PNG signature,permissions/README.md,True,3630,4ea9d0a19c8c6da31aea84e82c1af1622d2323b78aed3aa47773f730eaa12aac,template pending; not a permission,ALL pending/not verified,excluded
ikea-hemnes-tocador-blanco-demo,assets/ikea/vanity/hemnes-tocador-blanco.glb,True,True,332036,659163f13f027942125e445b528aa96e21f002f80be3e342ca36fa8dd8266273,GLB,2,True,True,"[""EXT_texture_webp"", ""KHR_draco_mesh_compression""]",2590,228888,"[1.0004823207855225, 1.5896520462119952, 0.5005807876586914]","{""width"": null, ""height"": null, ""depth"": null, ""unit"": ""cm""}",pending: no verified per-asset normalization/source dimensions,previews/ikea/vanity/ikea-hemnes-tocador-blanco-demo-preview.png,True,154900,f504611c8ff48b0e52a8309457c026a4a93adfce66e5a775e59fbb8068efdfc7,PNG signature,permissions/README.md,True,3630,4ea9d0a19c8c6da31aea84e82c1af1622d2323b78aed3aa47773f730eaa12aac,template pending; not a permission,ALL pending/not verified,excluded
ikea-idanas-canape-tapizado-naggen-beige-demo,assets/ikea/bed/idanas-canape-tapizado-naggen-beige.glb,True,True,590948,f97d35495874ba7e7001c8b761eb50fc66b3d26a5fb2becc46aed4f6aea4d801,GLB,2,True,True,"[""EXT_texture_webp"", ""KHR_draco_mesh_compression"", ""KHR_texture_transform""]",88688,5047104,"[1.6219933032989502, 1.1999986171722412, 2.239999771118164]","{""width"": null, ""height"": null, ""depth"": null, ""unit"": ""cm""}",pending: no verified per-asset normalization/source dimensions,previews/ikea/bed/ikea-idanas-canape-tapizado-naggen-beige-demo-preview.png,True,394074,63cea5c5a95b01d16c0b3cef25775490ec8999d1bcdef7ac28259e836022ad77,PNG signature,permissions/README.md,True,3630,4ea9d0a19c8c6da31aea84e82c1af1622d2323b78aed3aa47773f730eaa12aac,template pending; not a permission,ALL pending/not verified,excluded
ikea-idanas-estructura-de-cama-con-almacenaje-marron-oscuroluroy-demo,assets/ikea/bed/idanas-estructura-de-cama-con-almacenaje-marron-oscuroluroy.glb,True,True,219804,3fa698d5d0f14bfc18c60ecd6343a7e7198de66d059448cbe63ca5eb1947a9af,GLB,2,True,True,"[""EXT_texture_webp"", ""KHR_draco_mesh_compression""]",3148,215536,"[1.5138682126998901, 1.1199936866760254, 2.077542543411255]","{""width"": null, ""height"": null, ""depth"": null, ""unit"": ""cm""}",pending: no verified per-asset normalization/source dimensions,previews/ikea/bed/ikea-idanas-estructura-de-cama-con-almacenaje-marron-oscuroluroy-demo-preview.png,True,282295,edf52c9f767cb72a05baaab5dd3e647f887d2ed5b662999cde8887d9f887dede,PNG signature,permissions/README.md,True,3630,4ea9d0a19c8c6da31aea84e82c1af1622d2323b78aed3aa47773f730eaa12aac,template pending; not a permission,ALL pending/not verified,excluded
ikea-karmsund-espejo-de-mesa-negro-demo,assets/ikea/mirror/karmsund-espejo-de-mesa-negro.glb,True,True,96316,4fa67a4a6c5f8deffb51760b8aef996b12373a503b35649cb546e53d0ee7c2c3,GLB,2,True,True,"[""EXT_texture_webp"", ""KHR_draco_mesh_compression""]",9918,547848,"[0.29513828456401825, 0.4309418627053674, 0.12001525610685349]","{""width"": null, ""height"": null, ""depth"": null, ""unit"": ""cm""}",pending: no verified per-asset normalization/source dimensions,previews/ikea/mirror/ikea-karmsund-espejo-de-mesa-negro-demo-preview.png,True,145872,6598f39f54495f95b7e1fcdd56ba3c8a53f7d548cf8b61afed7c8a53b3d10396,PNG signature,permissions/README.md,True,3630,4ea9d0a19c8c6da31aea84e82c1af1622d2323b78aed3aa47773f730eaa12aac,template pending; not a permission,ALL pending/not verified,excluded
ikea-malm-comoda-6-cajones-blanco-demo,assets/ikea/dresser/malm-comoda-6-cajones-blanco.glb,True,True,356720,7d99ddb4c4a65f8ebd73be26dd3523ea0876d2d96050d5a2c830eae06ab56491,GLB,2,True,True,"[""EXT_texture_webp"", ""KHR_draco_mesh_compression""]",1484,82368,"[1.6034276485443115, 0.7801331609953195, 0.48319125175476074]","{""width"": null, ""height"": null, ""depth"": null, ""unit"": ""cm""}",pending: no verified per-asset normalization/source dimensions,previews/ikea/dresser/ikea-malm-comoda-6-cajones-blanco-demo-preview.png,True,146333,f092cd87aca0d90819f579ac761b02cb992041cba363f306eb0e3cac4c87013c,PNG signature,permissions/README.md,True,3630,4ea9d0a19c8c6da31aea84e82c1af1622d2323b78aed3aa47773f730eaa12aac,template pending; not a permission,ALL pending/not verified,excluded
ikea-malm-comoda-de-2-cajones-negro-marron-demo,assets/ikea/dresser/malm-comoda-de-2-cajones-negro-marron.glb,True,True,64072,ce0e6b8be00fadd90b8415f265ebfcedf4c3e2552879916ef8efea546ec18f93,GLB,2,True,True,"[""EXT_texture_webp"", ""KHR_draco_mesh_compression""]",3310,166056,"[0.40302178263664246, 0.5445449352264404, 0.4820300042629242]","{""width"": null, ""height"": null, ""depth"": null, ""unit"": ""cm""}",pending: no verified per-asset normalization/source dimensions,previews/ikea/dresser/ikea-malm-comoda-de-2-cajones-negro-marron-demo-preview.png,True,151583,2b6004aa60fbd18c414d42c4cf3ad483229458d3505dd3a26376bc37bd6a35ae,PNG signature,permissions/README.md,True,3630,4ea9d0a19c8c6da31aea84e82c1af1622d2323b78aed3aa47773f730eaa12aac,template pending; not a permission,ALL pending/not verified,excluded
ikea-nordli-comoda-de-5-cajones-blanco-demo,assets/ikea/dresser/nordli-comoda-de-5-cajones-blanco.glb,True,True,568708,da733273971a56dd29694eff71cf7cc54d8b9758e6198b9b6019c1f8d86e0e00,GLB,2,True,True,"[""EXT_texture_webp"", ""KHR_draco_mesh_compression""]",8974,948264,"[1.201849102973938, 1.6907002112129703, 0.4771896302700043]","{""width"": null, ""height"": null, ""depth"": null, ""unit"": ""cm""}",pending: no verified per-asset normalization/source dimensions,previews/ikea/dresser/ikea-nordli-comoda-de-5-cajones-blanco-demo-preview.png,True,89389,183170eff9100984fea17baa3ab145ec9cec099288bce31f8be13676a428ec30,PNG signature,permissions/README.md,True,3630,4ea9d0a19c8c6da31aea84e82c1af1622d2323b78aed3aa47773f730eaa12aac,template pending; not a permission,ALL pending/not verified,excluded
ikea-songesand-comoda-de-3-cajones-blanco-90366839-demo,assets/ikea/dresser/songesand-comoda-de-3-cajones-blanco-90366839.glb,True,True,784576,0deb36aec6daf871df610e0dbfa1d2cfe321c1b772145b7bb365a8921381cb7f,GLB,2,True,True,[],10605,728718,"[0.8160000443458557, 0.8059163093566895, 0.5096103549003601]","{""width"": null, ""height"": null, ""depth"": null, ""unit"": ""cm""}",pending: no verified per-asset normalization/source dimensions,previews/ikea/dresser/ikea-songesand-comoda-de-3-cajones-blanco-90366839-demo-preview.png,True,175053,fd57de376711200a959b608d0558ff4c11e3305391ba515b8f91fbbc2a55fe6e,PNG signature,permissions/README.md,True,3630,4ea9d0a19c8c6da31aea84e82c1af1622d2323b78aed3aa47773f730eaa12aac,template pending; not a permission,ALL pending/not verified,excluded
ikea-stomso-mesita-de-noche-de-pared-efecto-abedul-blancoazul-demo,assets/ikea/bedside-table/stomso-mesita-de-noche-de-pared-efecto-abedul-blancoazul.glb,True,True,155716,d4fabbe0deb9688ea4fe710c127122e88eef2113cf4ab9ef87973f0ad80dc092,GLB,2,True,True,"[""EXT_texture_webp"", ""KHR_draco_mesh_compression""]",11886,629640,"[0.36000001430511475, 0.20463605427357834, 0.29030822217464447]","{""width"": null, ""height"": null, ""depth"": null, ""unit"": ""cm""}",pending: no verified per-asset normalization/source dimensions,previews/ikea/bedside-table/ikea-stomso-mesita-de-noche-de-pared-efecto-abedul-blancoazul-demo-preview.png,True,145263,7c00862f0dc112762c16d0cfbde08eaa5d27cd85ef4ca0a9e02069058b68ed35,PNG signature,permissions/README.md,True,3630,4ea9d0a19c8c6da31aea84e82c1af1622d2323b78aed3aa47773f730eaa12aac,template pending; not a permission,ALL pending/not verified,excluded
ikea-syvde-tocador-blanco-demo,assets/ikea/vanity/syvde-tocador-blanco.glb,True,True,355912,d8aaed8596d596b9c0f5e7817e8715fffe1a2950e3787aa8ddbcf4db2d95d9a9,GLB,2,True,True,"[""EXT_texture_webp"", ""KHR_draco_mesh_compression""]",2972,199680,"[1.0033252239227295, 0.7816250869364012, 0.5045712888240814]","{""width"": null, ""height"": null, ""depth"": null, ""unit"": ""cm""}",pending: no verified per-asset normalization/source dimensions,previews/ikea/vanity/ikea-syvde-tocador-blanco-demo-preview.png,True,111756,f90904bdeb4025f2222e539e1ad16a810e16f40abac261c782a7ee805ed6e4b8,PNG signature,permissions/README.md,True,3630,4ea9d0a19c8c6da31aea84e82c1af1622d2323b78aed3aa47773f730eaa12aac,template pending; not a permission,ALL pending/not verified,excluded
ikea-tallasen-estructura-cama-tapizada-kulsta-beige-claroluroy-89514746-demo,assets/ikea/bed/tallasen-estructura-cama-tapizada-kulsta-beige-claroluroy-89514746.glb,True,True,308704,b352473537bae354a54d41183bd95ee4f289e4c6be6d2dfd0fa76542ed039c0d,GLB,2,True,True,"[""EXT_texture_webp"", ""KHR_draco_mesh_compression""]",5972,287344,"[1.5437238216400146, 1.0694682598114014, 2.1194021701812744]","{""width"": null, ""height"": null, ""depth"": null, ""unit"": ""cm""}",pending: no verified per-asset normalization/source dimensions,previews/ikea/bed/ikea-tallasen-estructura-cama-tapizada-kulsta-beige-claroluroy-89514746-demo-preview.png,True,231677,47c57aa609a6596c60611a78797be77af98cfb6d52c2e468e9c925626548579c,PNG signature,permissions/README.md,True,3630,4ea9d0a19c8c6da31aea84e82c1af1622d2323b78aed3aa47773f730eaa12aac,template pending; not a permission,ALL pending/not verified,excluded
ikea-lisabo-mesa-chapa-fresno-demo,assets/ikea/table/lisabo-mesa-chapa-fresno.glb,True,True,77744,d5142ade612d60b3930115e28d57ae4dfb8b5164954fb1568a9ae5b714ae21f6,GLB,2,True,True,"[""EXT_texture_webp"", ""KHR_draco_mesh_compression""]",2705,149772,"[1.4000665545463562, 0.7401464915292308, 0.7801143229007721]","{""width"": null, ""height"": null, ""depth"": null, ""unit"": ""cm""}",pending: no verified per-asset normalization/source dimensions,previews/ikea/table/ikea-lisabo-mesa-chapa-fresno-demo-preview.png,True,96446,1e9572fe712fac6249c70d195a295d6575e70a6c741b44e070bef1688c0454d4,PNG signature,permissions/README.md,True,3630,4ea9d0a19c8c6da31aea84e82c1af1622d2323b78aed3aa47773f730eaa12aac,template pending; not a permission,ALL pending/not verified,excluded
ikea-lisabo-silla-fresnotallmyra-blanconegro-demo,assets/ikea/chair/lisabo-silla-fresnotallmyra-blanconegro.glb,True,True,578224,9217fe360abda25d4f68f1a622bd56abcb7f08edc4d597c0a06a780c6a1f40ed,GLB,2,True,True,"[""EXT_texture_webp"", ""KHR_draco_mesh_compression""]",10788,777600,"[0.4554709792137146, 0.8044427254062612, 0.5203136801719666]","{""width"": null, ""height"": null, ""depth"": null, ""unit"": ""cm""}",pending: no verified per-asset normalization/source dimensions,previews/ikea/chair/ikea-lisabo-silla-fresnotallmyra-blanconegro-demo-preview.png,True,181057,4a43f59bdf3c580c47ef1f9e434b3eb704f337eb83d18a43ec82314a503918a7,PNG signature,permissions/README.md,True,3630,4ea9d0a19c8c6da31aea84e82c1af1622d2323b78aed3aa47773f730eaa12aac,template pending; not a permission,ALL pending/not verified,excluded
ikea-lisabo-silla-negrotallmyra-negro-gris-demo,assets/ikea/chair/lisabo-silla-negrotallmyra-negro-gris.glb,True,True,321452,564205ff65b5625edede81445ed911594ea7bd871ee19cb1f3abfc0d03135e90,GLB,2,True,True,"[""EXT_texture_webp"", ""KHR_draco_mesh_compression""]",40079,2025524,"[0.45541805028915405, 0.8043492709184648, 0.5206461548805237]","{""width"": null, ""height"": null, ""depth"": null, ""unit"": ""cm""}",pending: no verified per-asset normalization/source dimensions,previews/ikea/chair/ikea-lisabo-silla-negrotallmyra-negro-gris-demo-preview.png,True,170588,cab8663423489a95a5a1d6aa862b42f8dad060073105998ebd8f964e8de87b8a,PNG signature,permissions/README.md,True,3630,4ea9d0a19c8c6da31aea84e82c1af1622d2323b78aed3aa47773f730eaa12aac,template pending; not a permission,ALL pending/not verified,excluded
ikea-morbylanga-banco-chapa-robletinte-marron-demo,assets/ikea/bench/morbylanga-banco-chapa-robletinte-marron.glb,True,True,86344,ae460f05a0b9bae1cdd6dc8865cd21d383146bc993c1af08fd8f8988de20d79b,GLB,2,True,True,"[""EXT_texture_webp"", ""KHR_draco_mesh_compression""]",1112,118800,"[1.8000000715255737, 0.45002748553815763, 0.3500458002090454]","{""width"": null, ""height"": null, ""depth"": null, ""unit"": ""cm""}",pending: no verified per-asset normalization/source dimensions,previews/ikea/bench/ikea-morbylanga-banco-chapa-robletinte-marron-demo-preview.png,True,124577,d23ff756c9dacd1fac9f6434b813f6d7f13648071e8f92e0be483a20bdd075c4,PNG signature,permissions/README.md,True,3630,4ea9d0a19c8c6da31aea84e82c1af1622d2323b78aed3aa47773f730eaa12aac,template pending; not a permission,ALL pending/not verified,excluded
ikea-morbylanga-mesa-chapa-roble-tinte-marron-demo,assets/ikea/table/morbylanga-mesa-chapa-roble-tinte-marron.glb,True,True,299960,27a899caa815077fef192b5070a34a22cc30f9df6db60279f6f39d824cf6855d,GLB,2,True,True,"[""EXT_texture_webp"", ""KHR_draco_mesh_compression""]",1836,78672,"[1.4498341083526611, 0.7536020874977112, 1.4498341083526611]","{""width"": null, ""height"": null, ""depth"": null, ""unit"": ""cm""}",pending: no verified per-asset normalization/source dimensions,previews/ikea/table/ikea-morbylanga-mesa-chapa-roble-tinte-marron-demo-preview.png,True,279839,da2923787e2aa7fa5ea4f5b3647fc3272a2035e261d878b10c08f9207c1c8022,PNG signature,permissions/README.md,True,3630,4ea9d0a19c8c6da31aea84e82c1af1622d2323b78aed3aa47773f730eaa12aac,template pending; not a permission,ALL pending/not verified,excluded
ikea-sandsberg-silla-blanco-demo,assets/ikea/chair/sandsberg-silla-blanco.glb,True,True,273272,b710f2d27b111489bb929f9be23c96dd6e9435e4cad1742f10e5b332aaad1c12,GLB,2,True,True,"[""EXT_texture_webp"", ""KHR_draco_mesh_compression""]",35957,1830364,"[0.41575953364372253, 0.7802379347267561, 0.473756805062294]","{""width"": null, ""height"": null, ""depth"": null, ""unit"": ""cm""}",pending: no verified per-asset normalization/source dimensions,previews/ikea/chair/ikea-sandsberg-silla-blanco-demo-preview.png,True,121214,4553e779c3270d656c13bcc0ab1b0eb0121c4f6de0d12df643704caf29027219,PNG signature,permissions/README.md,True,3630,4ea9d0a19c8c6da31aea84e82c1af1622d2323b78aed3aa47773f730eaa12aac,template pending; not a permission,ALL pending/not verified,excluded
ikea-sandsberg-silla-marron-rojizo-demo,assets/ikea/chair/sandsberg-silla-marron-rojizo.glb,True,True,284248,4521abc4df348bcd870590912362ee12bedec07f8a4ab1de33a5a1ad3b972ab5,GLB,2,True,True,"[""EXT_texture_webp"", ""KHR_draco_mesh_compression""]",35942,1821864,"[0.41575953364372253, 0.7802379347267561, 0.473756805062294]","{""width"": null, ""height"": null, ""depth"": null, ""unit"": ""cm""}",pending: no verified per-asset normalization/source dimensions,previews/ikea/chair/ikea-sandsberg-silla-marron-rojizo-demo-preview.png,True,186252,ab20848148b7fb5e4739d7cf6f1601207465e8ec4c3cf3f29659814c7d10786b,PNG signature,permissions/README.md,True,3630,4ea9d0a19c8c6da31aea84e82c1af1622d2323b78aed3aa47773f730eaa12aac,template pending; not a permission,ALL pending/not verified,excluded
ikea-skogsta-banco-con-almacenaje-acacianegro-demo,assets/ikea/bench/skogsta-banco-con-almacenaje-acacianegro.glb,True,True,161596,346295ebf283fa57f243d4234ae58e01dcc19a96fa78cf6aa45ea29a90dbdc68,GLB,2,True,True,"[""EXT_texture_webp"", ""KHR_draco_mesh_compression""]",8945,493164,"[1.2000257968902588, 0.4502295371103173, 0.46019554138183594]","{""width"": null, ""height"": null, ""depth"": null, ""unit"": ""cm""}",pending: no verified per-asset normalization/source dimensions,previews/ikea/bench/ikea-skogsta-banco-con-almacenaje-acacianegro-demo-preview.png,True,200125,f0074e4306f6532fb62dacbb633321cdad8ce54fdd6584b0a93bfd1c06c5a99e,PNG signature,permissions/README.md,True,3630,4ea9d0a19c8c6da31aea84e82c1af1622d2323b78aed3aa47773f730eaa12aac,template pending; not a permission,ALL pending/not verified,excluded
ikea-skogsta-mesa-acacia-demo,assets/ikea/table/skogsta-mesa-acacia.glb,True,True,208876,8d45aa0f78b8880e6526fb9f188bf334a04d6d39c3ffc5c405948a3b61b3e277,GLB,2,True,True,"[""EXT_texture_webp"", ""KHR_draco_mesh_compression""]",15929,914924,"[1.6000772714614868, 0.7433675865504483, 0.8051194548606873]","{""width"": null, ""height"": null, ""depth"": null, ""unit"": ""cm""}",pending: no verified per-asset normalization/source dimensions,previews/ikea/table/ikea-skogsta-mesa-acacia-demo-preview.png,True,175816,b548a97bac3607fd6d5a561b17162229d14e9455c2b75704b94a24a745452939,PNG signature,permissions/README.md,True,3630,4ea9d0a19c8c6da31aea84e82c1af1622d2323b78aed3aa47773f730eaa12aac,template pending; not a permission,ALL pending/not verified,excluded
ikea-skogsta-silla-acacia-demo,assets/ikea/chair/skogsta-silla-acacia.glb,True,True,253460,d6caa369c4ab0b055bda6f18ade2b092f78d9d26e3b994d1be823609ed21dc91,GLB,2,True,True,"[""EXT_texture_webp"", ""KHR_draco_mesh_compression""]",16198,783048,"[0.4636080861091614, 0.9433456713768464, 0.5387254953384399]","{""width"": null, ""height"": null, ""depth"": null, ""unit"": ""cm""}",pending: no verified per-asset normalization/source dimensions,previews/ikea/chair/ikea-skogsta-silla-acacia-demo-preview.png,True,283501,55eeeea77017f1953da362369851fd1683aee8f4efb1d4ad90351b547a8cc62b,PNG signature,permissions/README.md,True,3630,4ea9d0a19c8c6da31aea84e82c1af1622d2323b78aed3aa47773f730eaa12aac,template pending; not a permission,ALL pending/not verified,excluded
ikea-skogsta-silla-negro-demo,assets/ikea/chair/skogsta-silla-negro.glb,True,True,85052,42c41f200140012529f819bf9a9b948d058dfdba77f05ee4bd55c47329f64a5d,GLB,2,True,True,"[""EXT_texture_webp"", ""KHR_draco_mesh_compression""]",8130,431096,"[0.46383965015411377, 0.9434122994207428, 0.5385176539421082]","{""width"": null, ""height"": null, ""depth"": null, ""unit"": ""cm""}",pending: no verified per-asset normalization/source dimensions,previews/ikea/chair/ikea-skogsta-silla-negro-demo-preview.png,True,203209,1f8c88560bcb99a7fe67eeb1789c551aacd34021508c009f9fb1cd92e9d35ebb,PNG signature,permissions/README.md,True,3630,4ea9d0a19c8c6da31aea84e82c1af1622d2323b78aed3aa47773f730eaa12aac,template pending; not a permission,ALL pending/not verified,excluded
ikea-stockholm-2025-aparador-chapa-roble-demo,assets/ikea/sideboard/stockholm-2025-aparador-chapa-roble.glb,True,True,147828,83e200ddebaaa8e42c47ea6643f37e872ab6f4d2b3f2f00a62eeb0122cf89a21,GLB,2,True,True,"[""EXT_texture_webp"", ""KHR_draco_mesh_compression""]",5219,314820,"[1.6080906391143799, 0.8319335784988198, 0.4320712387561798]","{""width"": null, ""height"": null, ""depth"": null, ""unit"": ""cm""}",pending: no verified per-asset normalization/source dimensions,previews/ikea/sideboard/ikea-stockholm-2025-aparador-chapa-roble-demo-preview.png,True,249849,86b5edfece13b368d8d1d349453f6a91d5d1ef5effe76422b47092f8f862e2cc,PNG signature,permissions/README.md,True,3630,4ea9d0a19c8c6da31aea84e82c1af1622d2323b78aed3aa47773f730eaa12aac,template pending; not a permission,ALL pending/not verified,excluded
ikea-stockholm-2025-mesa-chapa-roblechapa-roble-demo,assets/ikea/table/stockholm-2025-mesa-chapa-roblechapa-roble.glb,True,True,102576,db65f78ac853dfafd36afbbc75c3ec346420bdb1397da91adfba372a456b6bcd,GLB,2,True,True,"[""EXT_texture_webp"", ""KHR_draco_mesh_compression""]",2554,177480,"[2.299755573272705, 0.7503224611282349, 0.9010639786720276]","{""width"": null, ""height"": null, ""depth"": null, ""unit"": ""cm""}",pending: no verified per-asset normalization/source dimensions,previews/ikea/table/ikea-stockholm-2025-mesa-chapa-roblechapa-roble-demo-preview.png,True,132674,db6d34cd5590d0cbf41896711cfcdbae5ed2ecac8b1906f6a313510d7bbdeeb2,PNG signature,permissions/README.md,True,3630,4ea9d0a19c8c6da31aea84e82c1af1622d2323b78aed3aa47773f730eaa12aac,template pending; not a permission,ALL pending/not verified,excluded
ikea-stockholm-2025-vitrina-chapa-roble-demo,assets/ikea/display-cabinet/stockholm-2025-vitrina-chapa-roble.glb,True,True,469184,6da79b346ae200191408e1236e8571a29fdc43e663c53baf6c1b69c258eefc42,GLB,2,True,True,"[""EXT_texture_webp"", ""KHR_draco_mesh_compression""]",18326,1100232,"[1.0000581741333008, 0.855017018696941, 0.4000558406934142]","{""width"": null, ""height"": null, ""depth"": null, ""unit"": ""cm""}",pending: no verified per-asset normalization/source dimensions,previews/ikea/display-cabinet/ikea-stockholm-2025-vitrina-chapa-roble-demo-preview.png,True,405638,99a301f8a6a45302956ca0e30fc856acdfcdd3f18106ec5029f024dfdd2a039c,PNG signature,permissions/README.md,True,3630,4ea9d0a19c8c6da31aea84e82c1af1622d2323b78aed3aa47773f730eaa12aac,template pending; not a permission,ALL pending/not verified,excluded
ikea-tonstad-mesa-extensible-chapa-roble-demo,assets/ikea/table/tonstad-mesa-extensible-chapa-roble.glb,True,True,732624,5acab7432decc247c2c7ce32505146c61bae1fc65e6458888a7e1ab0be238aec,GLB,2,True,True,"[""EXT_texture_webp"", ""KHR_draco_mesh_compression""]",45990,2676200,"[1.4001060099601745, 0.749570174793007, 0.8503992259502411]","{""width"": null, ""height"": null, ""depth"": null, ""unit"": ""cm""}",pending: no verified per-asset normalization/source dimensions,previews/ikea/table/ikea-tonstad-mesa-extensible-chapa-roble-demo-preview.png,True,197460,225177aadd7ee2501d92abf97befa0403722458dc58a9fcb83b9bdc46483d131,PNG signature,permissions/README.md,True,3630,4ea9d0a19c8c6da31aea84e82c1af1622d2323b78aed3aa47773f730eaa12aac,template pending; not a permission,ALL pending/not verified,excluded
ikea-tversted-alfombra-pelo-corto-demo,assets/ikea/rug/tversted-alfombra-pelo-corto.glb,True,True,98040,ae69879ba23d9becc48f42d7de49efbbbe7a1dfe2c203a45d3ae01db3f861d43,GLB,2,True,True,"[""EXT_texture_webp"", ""KHR_draco_mesh_compression""]",218,12696,"[1.3299946784973145, 0.015949461609125137, 1.950000286102295]","{""width"": null, ""height"": null, ""depth"": null, ""unit"": ""cm""}",pending: no verified per-asset normalization/source dimensions,previews/ikea/rug/ikea-tversted-alfombra-pelo-corto-demo-preview.png,True,141908,455d2c69ad1193611d62980c4663d4b6870c16ae55576edb6873db1f6ef8f334,PNG signature,permissions/README.md,True,3630,4ea9d0a19c8c6da31aea84e82c1af1622d2323b78aed3aa47773f730eaa12aac,template pending; not a permission,ALL pending/not verified,excluded
ikea-knoxhult-ab-cajones-blanco-90326787-demo,assets/ikea/kitchen-base-cabinet/knoxhult-ab-cajones-blanco-90326787.glb,True,True,1115984,d119e6aa94274a03350d80c4be3b71574d2245abe5ce4ff3efe67861a253b904,GLB,2,True,True,[],8403,564850,"[0.42040055990219116, 0.909494936466217, 0.6100031733512878]",null,pending: no verified per-asset normalization/source dimensions,previews/ikea/kitchen-base-cabinet/ikea-knoxhult-ab-cajones-blanco-90326787-demo-preview.png,True,87768,f70c199391916a6421372592a3a1c634bab9cd60707d7fa028ff91036c65dfac,PNG signature,permissions/README.md,True,3630,4ea9d0a19c8c6da31aea84e82c1af1622d2323b78aed3aa47773f730eaa12aac,template pending; not a permission,ALL pending/not verified,excluded
ikea-knoxhult-armario-alto-con-puerta-blanco-estructura-demo,assets/ikea/kitchen-tall-cabinet/knoxhult-armario-alto-con-puerta-blanco-estructura.glb,True,True,290352,68c781a7c1c7162d8b7417b0acc6ccc1fcb8569a1ee8cdad784a6f552fc26656,GLB,2,True,True,"[""EXT_texture_webp"", ""KHR_draco_mesh_compression""]",8395,548420,"[0.6001149415969849, 1.5452016319826498, 0.3114495047926903]",null,pending: no verified per-asset normalization/source dimensions,previews/ikea/kitchen-tall-cabinet/ikea-knoxhult-armario-alto-con-puerta-blanco-estructura-demo-preview.png,True,41635,a21931d6280d16e9505ed5bee0591abe4ec38b1c856c59c55510b2297e9738b9,PNG signature,permissions/README.md,True,3630,4ea9d0a19c8c6da31aea84e82c1af1622d2323b78aed3aa47773f730eaa12aac,template pending; not a permission,ALL pending/not verified,excluded
ikea-knoxhult-armario-alto-con-puerta-blanco-demo,assets/ikea/kitchen-tall-cabinet/knoxhult-armario-alto-con-puerta-blanco.glb,True,True,125920,3ed5c64cb49195c97414bf1d00414d72a53219a64fd5e6864601002001ebae49,GLB,2,True,True,"[""EXT_texture_webp"", ""KHR_draco_mesh_compression""]",10492,634640,"[0.5998160243034363, 1.5367001268124127, 0.30929186940193176]",null,pending: no verified per-asset normalization/source dimensions,previews/ikea/kitchen-tall-cabinet/ikea-knoxhult-armario-alto-con-puerta-blanco-demo-preview.png,True,29731,36db14d119f18fbf89653d56f52b426fc4123d595238e06ee0b2f06f8d369b1e,PNG signature,permissions/README.md,True,3630,4ea9d0a19c8c6da31aea84e82c1af1622d2323b78aed3aa47773f730eaa12aac,template pending; not a permission,ALL pending/not verified,excluded
ikea-knoxhult-armario-alto-con-puerta-efecto-roble-90604246-demo,assets/ikea/kitchen-tall-cabinet/knoxhult-armario-alto-con-puerta-efecto-roble-90604246.glb,True,True,1986992,fef5074d98d2f4fbe46cb13dfbe2fa185543b67a6fe2c5bc400549d6eba70eb6,GLB,2,True,True,"[""KHR_draco_mesh_compression""]",26904,2208864,"[0.601388328330539, 1.538382877339918, 0.3108063319417085]",null,pending: no verified per-asset normalization/source dimensions,previews/ikea/kitchen-tall-cabinet/ikea-knoxhult-armario-alto-con-puerta-efecto-roble-90604246-demo-preview.png,True,341398,94c2d551ac73391f2d465459957ddb9de0fbc1f8125af732fd6b72000a028e42,PNG signature,permissions/README.md,True,3630,4ea9d0a19c8c6da31aea84e82c1af1622d2323b78aed3aa47773f730eaa12aac,template pending; not a permission,ALL pending/not verified,excluded
ikea-knoxhult-armario-alto-con-puerta-gris-oscuro-demo,assets/ikea/kitchen-tall-cabinet/knoxhult-armario-alto-con-puerta-gris-oscuro.glb,True,True,231648,8d2be849aa0d36f97006a841dc95d95e109b5f84b9431cd037bb4853ad7162db,GLB,2,True,True,"[""EXT_texture_webp"", ""KHR_draco_mesh_compression""]",4877,314428,"[0.6000158488750458, 1.5368814006551759, 0.30959662795066833]",null,pending: no verified per-asset normalization/source dimensions,previews/ikea/kitchen-tall-cabinet/ikea-knoxhult-armario-alto-con-puerta-gris-oscuro-demo-preview.png,True,36248,dbba6393dc2c05f4f7da9dd30871b1c8484c10c973abfde948bc050a92c2c5d6,PNG signature,permissions/README.md,True,3630,4ea9d0a19c8c6da31aea84e82c1af1622d2323b78aed3aa47773f730eaa12aac,template pending; not a permission,ALL pending/not verified,excluded
ikea-knoxhult-armario-bajo-cocina-esquina-blanco-demo,assets/ikea/kitchen-corner-cabinet/knoxhult-armario-bajo-cocina-esquina-blanco.glb,True,True,159560,ec2866611104cd021a79ba9ffad175ff1097b3027a40984df519b19928dc8991,GLB,2,True,True,"[""EXT_texture_webp"", ""KHR_draco_mesh_compression""]",20627,1133092,"[1.2200040817260742, 0.9100861549377441, 0.6204320192337036]",null,pending: no verified per-asset normalization/source dimensions,previews/ikea/kitchen-corner-cabinet/ikea-knoxhult-armario-bajo-cocina-esquina-blanco-demo-preview.png,True,98547,bf2a3e83f265faf7755a495d86b97241a32c1655dd95b41345774059f881ca00,PNG signature,permissions/README.md,True,3630,4ea9d0a19c8c6da31aea84e82c1af1622d2323b78aed3aa47773f730eaa12aac,template pending; not a permission,ALL pending/not verified,excluded
ikea-knoxhult-armario-bajo-con-puertas-y-cajon-blanco-estructura-90603973-demo,assets/ikea/kitchen-base-cabinet/knoxhult-armario-bajo-con-puertas-y-cajon-blanco-estructura-90603973.glb,True,True,2211656,fc5c3d3f70cfba0f18d1196158812f5908ce70e954e77d6614159b18104d8e4e,GLB,2,True,True,"[""KHR_draco_mesh_compression""]",28528,2214384,"[1.8218571388494347, 0.9122622862174328, 0.6117314355921968]",null,pending: no verified per-asset normalization/source dimensions,previews/ikea/kitchen-base-cabinet/ikea-knoxhult-armario-bajo-con-puertas-y-cajon-blanco-estructura-90603973-demo-preview.png,True,128986,5f8a235aef97960cad08651495fac984dac3c13a79861d98d737805695822cb2,PNG signature,permissions/README.md,True,3630,4ea9d0a19c8c6da31aea84e82c1af1622d2323b78aed3aa47773f730eaa12aac,template pending; not a permission,ALL pending/not verified,excluded
ikea-knoxhult-armario-bajo-con-puertas-y-cajon-blanco-demo,assets/ikea/kitchen-base-cabinet/knoxhult-armario-bajo-con-puertas-y-cajon-blanco.glb,True,True,301860,568be813365f6e438a243f9ab9a822207314ae0df906cf862913efbe624792c2,GLB,2,True,True,"[""EXT_texture_webp"", ""KHR_draco_mesh_compression""]",26900,1566640,"[1.2200418710708618, 0.9094240608719062, 0.6102660894393921]",null,pending: no verified per-asset normalization/source dimensions,previews/ikea/kitchen-base-cabinet/ikea-knoxhult-armario-bajo-con-puertas-y-cajon-blanco-demo-preview.png,True,88317,ef6a33803741b72ca1974ce748ccea61e1c0abfa09a541919e9f7240e6a2b475,PNG signature,permissions/README.md,True,3630,4ea9d0a19c8c6da31aea84e82c1af1622d2323b78aed3aa47773f730eaa12aac,template pending; not a permission,ALL pending/not verified,excluded
ikea-knoxhult-armario-bajo-con-puertas-y-cajon-efecto-roble-demo,assets/ikea/kitchen-base-cabinet/knoxhult-armario-bajo-con-puertas-y-cajon-efecto-roble.glb,True,True,418104,0b06cd2a7435e9930687e73427cf2cef61c42bc989afb3942f8afb14341f3e14,GLB,2,True,True,"[""EXT_texture_webp"", ""KHR_draco_mesh_compression""]",28202,1555896,"[1.8200788497924805, 0.9104840059800381, 0.6099531650543213]",null,pending: no verified per-asset normalization/source dimensions,previews/ikea/kitchen-base-cabinet/ikea-knoxhult-armario-bajo-con-puertas-y-cajon-efecto-roble-demo-preview.png,True,211099,06eea6eaca939d3d4283630f08959230bce6f7c1aa45e8ddf0d347966d6cab37,PNG signature,permissions/README.md,True,3630,4ea9d0a19c8c6da31aea84e82c1af1622d2323b78aed3aa47773f730eaa12aac,template pending; not a permission,ALL pending/not verified,excluded
ikea-knoxhult-armario-bajo-con-puertas-y-cajon-gris-oscuro-demo,assets/ikea/kitchen-base-cabinet/knoxhult-armario-bajo-con-puertas-y-cajon-gris-oscuro.glb,True,True,321104,0119e460cf416ce8453adb1717d795092487ea255b7b662e04041be83b0ffe64,GLB,2,True,True,"[""EXT_texture_webp"", ""KHR_draco_mesh_compression""]",7489,456876,"[1.8200836181640625, 0.9104864240582629, 0.6099547743797302]",null,pending: no verified per-asset normalization/source dimensions,previews/ikea/kitchen-base-cabinet/ikea-knoxhult-armario-bajo-con-puertas-y-cajon-gris-oscuro-demo-preview.png,True,105568,4008b51d3cf618f8fc4d2d4e7f8498248402cb5e62974edfb45d8ea8f69113d9,PNG signature,permissions/README.md,True,3630,4ea9d0a19c8c6da31aea84e82c1af1622d2323b78aed3aa47773f730eaa12aac,template pending; not a permission,ALL pending/not verified,excluded
ikea-knoxhult-armario-bajo-puerta-y-hueco-blanco-demo,assets/ikea/kitchen-base-cabinet/knoxhult-armario-bajo-puerta-y-hueco-blanco.glb,True,True,270480,24531b33579081fee038be49962669f33df5b89d1e8bb475d8b7cf8f106643c9,GLB,2,True,True,"[""EXT_texture_webp"", ""KHR_draco_mesh_compression""]",8549,576796,"[1.2202094793319702, 0.910210135345892, 0.610378086566925]",null,pending: no verified per-asset normalization/source dimensions,previews/ikea/kitchen-base-cabinet/ikea-knoxhult-armario-bajo-puerta-y-hueco-blanco-demo-preview.png,True,95800,754f5d97e17b0c81aae56be359016415ec67548c3f55faaf032554362ef131bd,PNG signature,permissions/README.md,True,3630,4ea9d0a19c8c6da31aea84e82c1af1622d2323b78aed3aa47773f730eaa12aac,template pending; not a permission,ALL pending/not verified,excluded
ikea-knoxhult-armario-bajo-puerta-y-hueco-efecto-roble-demo,assets/ikea/kitchen-base-cabinet/knoxhult-armario-bajo-puerta-y-hueco-efecto-roble.glb,True,True,188496,39cef0df68f656078e71193e0281194533fb874aa13594f7675db36e3d970a56,GLB,2,True,True,"[""EXT_texture_webp"", ""KHR_draco_mesh_compression""]",15596,955088,"[1.2204057574272156, 0.9102064007016679, 0.6103297770023346]",null,pending: no verified per-asset normalization/source dimensions,previews/ikea/kitchen-base-cabinet/ikea-knoxhult-armario-bajo-puerta-y-hueco-efecto-roble-demo-preview.png,True,161614,b0ae69d415f187bda5073a7f0a77ddfd58881062441d4ad3048018d045088dcb,PNG signature,permissions/README.md,True,3630,4ea9d0a19c8c6da31aea84e82c1af1622d2323b78aed3aa47773f730eaa12aac,template pending; not a permission,ALL pending/not verified,excluded
ikea-knoxhult-armario-de-pared-con-puerta-blanco-demo,assets/ikea/kitchen-wall-cabinet/knoxhult-armario-de-pared-con-puerta-blanco.glb,True,True,123112,d744418e1bf0d19fdd8220b5f6b50325b6fb9a727894207347956591cdc17665,GLB,2,True,True,"[""EXT_texture_webp"", ""KHR_draco_mesh_compression""]",5105,475628,"[0.6001774072647095, 0.5998842074186541, 0.3081516623497009]",null,pending: no verified per-asset normalization/source dimensions,previews/ikea/kitchen-wall-cabinet/ikea-knoxhult-armario-de-pared-con-puerta-blanco-demo-preview.png,True,44573,04105684b699227edac3e4d32ad9773aa3c74fea5db8e1547bd9e165c9bc0645,PNG signature,permissions/README.md,True,3630,4ea9d0a19c8c6da31aea84e82c1af1622d2323b78aed3aa47773f730eaa12aac,template pending; not a permission,ALL pending/not verified,excluded
ikea-knoxhult-armario-de-pared-con-puertas-blanco-90326792-demo,assets/ikea/kitchen-wall-cabinet/knoxhult-armario-de-pared-con-puertas-blanco-90326792.glb,True,True,2846336,5f7077a2dc1548b4463192ef84513e521913767023f3a1ecd86386d7ae1058f0,GLB,2,True,True,"[""KHR_draco_mesh_compression""]",3918,313512,"[1.2012623475130209, 0.30896303423102095, 0.7510088175520643]",null,pending: no verified per-asset normalization/source dimensions,previews/ikea/kitchen-wall-cabinet/ikea-knoxhult-armario-de-pared-con-puertas-blanco-90326792-demo-preview.png,True,99362,300306d1c53518058c421e79a5e92fcef763f9e76028bef5448b2f08ad9d4960,PNG signature,permissions/README.md,True,3630,4ea9d0a19c8c6da31aea84e82c1af1622d2323b78aed3aa47773f730eaa12aac,template pending; not a permission,ALL pending/not verified,excluded
ikea-knoxhult-armario-de-pared-con-puertas-blanco-estructura-80603978-demo,assets/ikea/kitchen-wall-cabinet/knoxhult-armario-de-pared-con-puertas-blanco-estructura-80603978.glb,True,True,2110760,a79966519419fc245786501c50712cbce3086f8e0df4222aede4a6deb0eb312b,GLB,2,True,True,"[""KHR_draco_mesh_compression""]",24794,1928232,"[1.2011772682448973, 0.30950942671418663, 0.7515418535334107]",null,pending: no verified per-asset normalization/source dimensions,previews/ikea/kitchen-wall-cabinet/ikea-knoxhult-armario-de-pared-con-puertas-blanco-estructura-80603978-demo-preview.png,True,50408,823f3a20a03ddc89603786ac40a62d4f3fcd0a2b18a21f9a4f0da6f6a50b1e42,PNG signature,permissions/README.md,True,3630,4ea9d0a19c8c6da31aea84e82c1af1622d2323b78aed3aa47773f730eaa12aac,template pending; not a permission,ALL pending/not verified,excluded
ikea-knoxhult-armario-de-pared-con-puertas-efecto-roble-demo,assets/ikea/kitchen-wall-cabinet/knoxhult-armario-de-pared-con-puertas-efecto-roble.glb,True,True,449572,6c0bed30f272b23b41d59631e194dc84b13600775644df76883d9a18f566f22e,GLB,2,True,True,"[""EXT_texture_webp"", ""KHR_draco_mesh_compression""]",26140,1434640,"[1.2000149488449097, 0.3067251247407803, 0.7501922249794006]",null,pending: no verified per-asset normalization/source dimensions,previews/ikea/kitchen-wall-cabinet/ikea-knoxhult-armario-de-pared-con-puertas-efecto-roble-demo-preview.png,True,171019,182922b1dca321582c0cd52b0c14810879675f0729a9ba2ca59a33774f3b5ec9,PNG signature,permissions/README.md,True,3630,4ea9d0a19c8c6da31aea84e82c1af1622d2323b78aed3aa47773f730eaa12aac,template pending; not a permission,ALL pending/not verified,excluded
ikea-knoxhult-armario-de-pared-con-puertas-gris-oscuro-demo,assets/ikea/kitchen-wall-cabinet/knoxhult-armario-de-pared-con-puertas-gris-oscuro.glb,True,True,436744,b33346bfd11381798a5312463968cc0e95739a18277ae36e6bb0ddbf6235c1f4,GLB,2,True,True,"[""EXT_texture_webp"", ""KHR_draco_mesh_compression""]",20686,1167640,"[1.2000048160552979, 0.306725707378002, 0.7502081990242004]",null,pending: no verified per-asset normalization/source dimensions,previews/ikea/kitchen-wall-cabinet/ikea-knoxhult-armario-de-pared-con-puertas-gris-oscuro-demo-preview.png,True,61869,64c4109e13c9f18bcc4e8695a79e37b89d532e9d22a0f8af843ed9924439a51e,PNG signature,permissions/README.md,True,3630,4ea9d0a19c8c6da31aea84e82c1af1622d2323b78aed3aa47773f730eaa12aac,template pending; not a permission,ALL pending/not verified,excluded
ikea-knoxhult-armario-de-pared-puertas-correderas-blanco-80604020-demo,assets/ikea/kitchen-sliding-wall-cabinet/knoxhult-armario-de-pared-puertas-correderas-blanco-80604020.glb,True,True,756896,d349ca9af3a3e46e66814d671bacbf73fb95a191e125cea270ec8fd6c03cfe9c,GLB,2,True,True,"[""KHR_draco_mesh_compression""]",10298,789432,"[1.2011823992526525, 0.2913556136791451, 0.3763587605271854]",null,pending: no verified per-asset normalization/source dimensions,previews/ikea/kitchen-sliding-wall-cabinet/ikea-knoxhult-armario-de-pared-puertas-correderas-blanco-80604020-demo-preview.png,True,80600,cdb31e14760df12afceb2c7f7a1390a252ed9025b605c9acfe3805b485586832,PNG signature,permissions/README.md,True,3630,4ea9d0a19c8c6da31aea84e82c1af1622d2323b78aed3aa47773f730eaa12aac,template pending; not a permission,ALL pending/not verified,excluded
ikea-knoxhult-armario-de-pared-puertas-correderas-efecto-roble-90621081-demo,assets/ikea/kitchen-sliding-wall-cabinet/knoxhult-armario-de-pared-puertas-correderas-efecto-roble-90621081.glb,True,True,1440096,eb3f2105aa18b043008f36b435d8f4ddfb2be89ee87f8b3408510fdde47d7313,GLB,2,True,True,[],10906,736188,"[1.200035274028778, 0.29046556694083847, 0.37541182339191437]",null,pending: no verified per-asset normalization/source dimensions,previews/ikea/kitchen-sliding-wall-cabinet/ikea-knoxhult-armario-de-pared-puertas-correderas-efecto-roble-90621081-demo-preview.png,True,359822,aba2ca3026a697dbf0487d7179227e855dc6ec7e465e472f1af077edc4b562c2,PNG signature,permissions/README.md,True,3630,4ea9d0a19c8c6da31aea84e82c1af1622d2323b78aed3aa47773f730eaa12aac,template pending; not a permission,ALL pending/not verified,excluded
ikea-knoxhult-modulo-almacenaje-cocina-efecto-roble-demo,assets/ikea/kitchen-storage/knoxhult-modulo-almacenaje-cocina-efecto-roble.glb,True,True,389504,d43ecea95ae74d43ca724941c4b13555e0a7ad2a51a82b9dd97f008f32a85a04,GLB,2,True,True,"[""EXT_texture_webp"", ""KHR_draco_mesh_compression""]",20284,1098160,"[0.42019787430763245, 0.9102063539121446, 0.6100650429725647]",null,pending: no verified per-asset normalization/source dimensions,previews/ikea/kitchen-storage/ikea-knoxhult-modulo-almacenaje-cocina-efecto-roble-demo-preview.png,True,167879,d594e61107d33595fc1ae11e7156c660d56c7054f8e60083f10a14e0d1e4718b,PNG signature,permissions/README.md,True,3630,4ea9d0a19c8c6da31aea84e82c1af1622d2323b78aed3aa47773f730eaa12aac,template pending; not a permission,ALL pending/not verified,excluded
ikea-knoxhult-modulo-almacenaje-cocina-gris-oscuro-demo,assets/ikea/kitchen-storage/knoxhult-modulo-almacenaje-cocina-gris-oscuro.glb,True,True,428500,5cdcba9b336ac351dbd359ff29658eac29aa7b627fbf97468ae1f0ec0a20b2a5,GLB,2,True,True,"[""EXT_texture_webp"", ""KHR_draco_mesh_compression""]",25281,1366060,"[0.4200392961502075, 0.9102045739516598, 0.610144704580307]",null,pending: no verified per-asset normalization/source dimensions,previews/ikea/kitchen-storage/ikea-knoxhult-modulo-almacenaje-cocina-gris-oscuro-demo-preview.png,True,67962,7d9437c6974c010ba0bfb1196083aca99f096dbe8fa4a3c4ad6d43486971c43a,PNG signature,permissions/README.md,True,3630,4ea9d0a19c8c6da31aea84e82c1af1622d2323b78aed3aa47773f730eaa12aac,template pending; not a permission,ALL pending/not verified,excluded
ikea-bingsta-sillon-vissle-amarillo-oscurokabusa-amarillo-oscuro-40455649-demo,assets/ikea/armchair/bingsta-sillon-vissle-amarillo-oscurokabusa-amarillo-oscuro-40455649.glb,True,True,2174800,f3365c87ddccabedce96009dc7426b45a691c9734848e35a915a93ed4d3c5b05,GLB,2,True,True,"[""KHR_draco_mesh_compression""]",64850,4345608,"[0.7158130513010528, 0.7502306609288272, 0.687986047772214]",null,pending: no verified per-asset normalization/source dimensions,previews/ikea/armchair/ikea-bingsta-sillon-vissle-amarillo-oscurokabusa-amarillo-oscuro-40455649-demo-preview.png,True,350543,271bbdfb66c7a87849ba179ce301ec92fe444f777d95f920f3827bea271be768,PNG signature,permissions/README.md,True,3630,4ea9d0a19c8c6da31aea84e82c1af1622d2323b78aed3aa47773f730eaa12aac,template pending; not a permission,ALL pending/not verified,excluded
ikea-havberg-reposapies-grannbomstad-marron-dorado-demo,assets/ikea/footstool/havberg-reposapies-grannbomstad-marron-dorado.glb,True,True,293992,7c9c10a28d589afdf47497953edd46fb76d3fc13ba952ceb7acdf575836b9714,GLB,2,True,True,"[""EXT_texture_webp"", ""KHR_draco_mesh_compression""]",12932,723216,"[0.6422908902168274, 0.4413070855662511, 0.656312108039856]",null,pending: no verified per-asset normalization/source dimensions,previews/ikea/footstool/ikea-havberg-reposapies-grannbomstad-marron-dorado-demo-preview.png,True,320973,4c4e5578cdbf87400e5f5932d88906f9e2c3951d3ab4114b4edad1c8fc7a831c,PNG signature,permissions/README.md,True,3630,4ea9d0a19c8c6da31aea84e82c1af1622d2323b78aed3aa47773f730eaa12aac,template pending; not a permission,ALL pending/not verified,excluded
ikea-havberg-silla-giratoria-grannbomstad-marron-dorado-demo,assets/ikea/lounge-chair/havberg-silla-giratoria-grannbomstad-marron-dorado.glb,True,True,293808,27faf8f4e4883218c25b79cb727fbfebb8bff7dce640b19b9785f751c2b34dee,GLB,2,True,True,"[""EXT_texture_webp"", ""KHR_draco_mesh_compression""]",20824,1179600,"[0.6622509360313416, 0.9288634984093846, 0.9947425127029419]",null,pending: no verified per-asset normalization/source dimensions,previews/ikea/lounge-chair/ikea-havberg-silla-giratoria-grannbomstad-marron-dorado-demo-preview.png,True,310225,f12e058ed5bd271e488afec4a34ba3ca16fecd57d886622b3b0aba0229dab773,PNG signature,permissions/README.md,True,3630,4ea9d0a19c8c6da31aea84e82c1af1622d2323b78aed3aa47773f730eaa12aac,template pending; not a permission,ALL pending/not verified,excluded
ikea-havberg-silla-giratoria-y-reposapies-grannbomstad-marron-dorado-demo,assets/ikea/lounge-chair/havberg-silla-giratoria-y-reposapies-grannbomstad-marron-dorado.glb,True,True,309608,1b026b9fe4f89a34afdfb6bdbe7b2cb418dcae5bfd8df521a2b058f9cc0b1597,GLB,2,True,True,"[""EXT_texture_webp"", ""KHR_draco_mesh_compression""]",6454,372648,"[0.6623402833938599, 0.928561806678772, 1.847313642501831]",null,pending: no verified per-asset normalization/source dimensions,previews/ikea/lounge-chair/ikea-havberg-silla-giratoria-y-reposapies-grannbomstad-marron-dorado-demo-preview.png,True,235190,4309d1adf464e8543b7ba2edd18c7fe1888b55e0edc1b4e9134edcfdbc6e5678,PNG signature,permissions/README.md,True,3630,4ea9d0a19c8c6da31aea84e82c1af1622d2323b78aed3aa47773f730eaa12aac,template pending; not a permission,ALL pending/not verified,excluded
ikea-lillehem-sillon-visslebeige-madera-demo,assets/ikea/armchair/lillehem-sillon-visslebeige-madera.glb,True,True,143012,e1cb8377b62707815c05138d15b2a86b01acd97d871832fc00d3acc5b3ff6f71,GLB,2,True,True,"[""EXT_texture_webp"", ""KHR_draco_mesh_compression"", ""KHR_texture_transform""]",45569,1542524,"[0.8151237368583679, 0.7249677777290344, 0.7748628854751587]",null,pending: no verified per-asset normalization/source dimensions,previews/ikea/armchair/ikea-lillehem-sillon-visslebeige-madera-demo-preview.png,True,154494,7b302b497af31b9254642cb0dc01d9b48745f845069f2a8e79a04a427d024b39,PNG signature,permissions/README.md,True,3630,4ea9d0a19c8c6da31aea84e82c1af1622d2323b78aed3aa47773f730eaa12aac,template pending; not a permission,ALL pending/not verified,excluded
ikea-lillehem-sofa-modular-3-plazas-con-mesa-gunnared-marron-rojizomadera-demo,assets/ikea/sofa/lillehem-sofa-modular-3-plazas-con-mesa-gunnared-marron-rojizomadera.glb,True,True,382972,1815563da96dce80c39628b58b532d4dca4351b1d25932e10f2dce6f3e6054a0,GLB,2,True,True,"[""EXT_texture_webp"", ""KHR_draco_mesh_compression"", ""KHR_texture_transform""]",82821,2826140,"[2.760377049446106, 0.7389175891876221, 0.7802996933460236]",null,pending: no verified per-asset normalization/source dimensions,previews/ikea/sofa/ikea-lillehem-sofa-modular-3-plazas-con-mesa-gunnared-marron-rojizomadera-demo-preview.png,True,285628,9fec78680923dd3af755d4b50aee389d7f5b029e9ad160789ac39dd0f5bb4f94,PNG signature,permissions/README.md,True,3630,4ea9d0a19c8c6da31aea84e82c1af1622d2323b78aed3aa47773f730eaa12aac,template pending; not a permission,ALL pending/not verified,excluded
ikea-soderhamn-sillon-hillared-beige-99431246-demo,assets/ikea/armchair/soderhamn-sillon-hillared-beige-99431246.glb,True,True,531524,149e4d9f4bb275a82239233caaf4cb3b1f5aa76c14eb9d2c9bdc3d7641751b24,GLB,2,True,True,"[""EXT_texture_webp"", ""KHR_draco_mesh_compression"", ""KHR_texture_transform""]",121690,4012760,"[1.0923327207565308, 0.8480024933815002, 1.025095820426941]",null,pending: no verified per-asset normalization/source dimensions,previews/ikea/armchair/ikea-soderhamn-sillon-hillared-beige-99431246-demo-preview.png,True,614117,effb82c0b495f106bcdcb82876b6ef96d78e1d598a624d34ce221b63ca9f8cd7,PNG signature,permissions/README.md,True,3630,4ea9d0a19c8c6da31aea84e82c1af1622d2323b78aed3aa47773f730eaa12aac,template pending; not a permission,ALL pending/not verified,excluded
ikea-soderhamn-sillon-tallmyra-verde-oscuro-demo,assets/ikea/armchair/soderhamn-sillon-tallmyra-verde-oscuro.glb,True,True,228864,1153d32ccdadbd24c41cee3440c5b47fd143a3b15018106b0d3ccf70794d04a0,GLB,2,True,True,"[""EXT_texture_webp"", ""KHR_draco_mesh_compression""]",121690,3509832,"[1.0923327207565308, 0.8480333089828491, 1.0251245498657227]",null,pending: no verified per-asset normalization/source dimensions,previews/ikea/armchair/ikea-soderhamn-sillon-tallmyra-verde-oscuro-demo-preview.png,True,216954,ea189129016571c6af9557c82cd2bad955e0548411c4afd0d0b02ad875aa66e3,PNG signature,permissions/README.md,True,3630,4ea9d0a19c8c6da31aea84e82c1af1622d2323b78aed3aa47773f730eaa12aac,template pending; not a permission,ALL pending/not verified,excluded
ikea-stockholm-2025-armario-con-puertas-correderas-ratanpino-demo,assets/ikea/cabinet/stockholm-2025-armario-con-puertas-correderas-ratanpino.glb,True,True,91504,a8e579f32de469ad118565c728a1ff20592f43d0cb8db47c11ff5920af1c9eeb,GLB,2,True,True,"[""EXT_texture_webp"", ""KHR_draco_mesh_compression"", ""KHR_texture_transform""]",25494,894616,"[1.2500008344650269, 1.0999634265899658, 0.469995379447937]",null,pending: no verified per-asset normalization/source dimensions,previews/ikea/cabinet/ikea-stockholm-2025-armario-con-puertas-correderas-ratanpino-demo-preview.png,True,700162,0df2125671e178a695c7fd56c2767875024f1e2368a4cfc9616ff06f5342eb58,PNG signature,permissions/README.md,True,3630,4ea9d0a19c8c6da31aea84e82c1af1622d2323b78aed3aa47773f730eaa12aac,template pending; not a permission,ALL pending/not verified,excluded
ikea-stockholm-2025-mueble-tv-puertas-correderas-chapa-roble-demo,assets/ikea/tv-unit/stockholm-2025-mueble-tv-puertas-correderas-chapa-roble.glb,True,True,339568,450e3175f0834429a7ee8127ed4caa4d5280fabc06c7a4eb9fa4a230c42c5e1e,GLB,2,True,True,"[""EXT_texture_webp"", ""KHR_draco_mesh_compression""]",5635,339492,"[1.7880662679672241, 0.5620303142322882, 0.43225717544555664]",null,pending: no verified per-asset normalization/source dimensions,previews/ikea/tv-unit/ikea-stockholm-2025-mueble-tv-puertas-correderas-chapa-roble-demo-preview.png,True,250182,415a105c501ca30333c7f85d27dc21fa03025b02f27c3b544fb78ed30018d753,PNG signature,permissions/README.md,True,3630,4ea9d0a19c8c6da31aea84e82c1af1622d2323b78aed3aa47773f730eaa12aac,template pending; not a permission,ALL pending/not verified,excluded
ikea-stockholm-2025-puf-alhamn-beige-80586139-demo,assets/ikea/pouf/stockholm-2025-puf-alhamn-beige-80586139.glb,True,True,369416,f293f011748cb7687beb9e664ca5133eed55beae2c20011453a520c3a1b9f8d0,GLB,2,True,True,[],1198,50292,"[0.6577361822128296, 0.40356118872296065, 0.6894643902778625]",null,pending: no verified per-asset normalization/source dimensions,previews/ikea/pouf/ikea-stockholm-2025-puf-alhamn-beige-80586139-demo-preview.png,True,246822,c0f77d4ca7c212b243688ea07b3ef7ed06c5e520dda43d6276710c43594a01c1,PNG signature,permissions/README.md,True,3630,4ea9d0a19c8c6da31aea84e82c1af1622d2323b78aed3aa47773f730eaa12aac,template pending; not a permission,ALL pending/not verified,excluded
ikea-stockholm-2025-sillon-chapa-abedul-80594785-demo,assets/ikea/armchair/stockholm-2025-sillon-chapa-abedul-80594785.glb,True,True,1566768,3bdf38664d269a48f8b309f334e82be3e7dcf57df18db5816836ec6ee780098b,GLB,2,True,True,"[""KHR_draco_mesh_compression""]",38632,2320800,"[0.7053408044894032, 0.6292088410603438, 0.796277304902913]",null,pending: no verified per-asset normalization/source dimensions,previews/ikea/armchair/ikea-stockholm-2025-sillon-chapa-abedul-80594785-demo-preview.png,True,396862,1f1ceee15d850db1e6c9cdad4e9b7d745d43dc1211a89cfcfe00d8c77d1a22b3,PNG signature,permissions/README.md,True,3630,4ea9d0a19c8c6da31aea84e82c1af1622d2323b78aed3aa47773f730eaa12aac,template pending; not a permission,ALL pending/not verified,excluded
ikea-stockholm-2025-sillon-djurmo-grisblanco-demo,assets/ikea/armchair/stockholm-2025-sillon-djurmo-grisblanco.glb,True,True,483748,e3206ef6a0becc174a633d75be5d6a6365e7bb4b238262202fb521099ee85d7e,GLB,2,True,True,"[""EXT_texture_webp"", ""KHR_draco_mesh_compression""]",2776,136032,"[0.7762637138366699, 0.6863885089405812, 0.7402377724647522]",null,pending: no verified per-asset normalization/source dimensions,previews/ikea/armchair/ikea-stockholm-2025-sillon-djurmo-grisblanco-demo-preview.png,True,460150,b58b10a0532cd1923920d95c87247e4451725ab3e74c723d9937217c114611d8,PNG signature,permissions/README.md,True,3630,4ea9d0a19c8c6da31aea84e82c1af1622d2323b78aed3aa47773f730eaa12aac,template pending; not a permission,ALL pending/not verified,excluded
ikea-stockholm-2025-sillon-ratandjurmo-grisblanco-demo,assets/ikea/armchair/stockholm-2025-sillon-ratandjurmo-grisblanco.glb,True,True,373624,c1383c2d2fa6f9bd2a72de81ec24f0ce149b88b2a9f645db460c489681a1cf67,GLB,2,True,True,"[""EXT_texture_webp"", ""KHR_draco_mesh_compression""]",120332,3597304,"[0.928421676158905, 0.6691669225692749, 0.8033920526504517]",null,pending: no verified per-asset normalization/source dimensions,previews/ikea/armchair/ikea-stockholm-2025-sillon-ratandjurmo-grisblanco-demo-preview.png,True,656357,bdff6b49caa04c73eec3b5ee3dc73f20f4f256fa8d9111dbf59aec1caa622389,PNG signature,permissions/README.md,True,3630,4ea9d0a19c8c6da31aea84e82c1af1622d2323b78aed3aa47773f730eaa12aac,template pending; not a permission,ALL pending/not verified,excluded
ikea-stockholm-2025-sofa-de-1-plaza-alhamn-beige-demo,assets/ikea/sofa/stockholm-2025-sofa-de-1-plaza-alhamn-beige.glb,True,True,282460,d1a886043a7584e6953c16bf47e5a6f40d9b895f14e7f67a9c1465160ffe8217,GLB,2,True,True,"[""EXT_texture_webp"", ""KHR_draco_mesh_compression""]",1804,107760,"[0.7013868093490601, 0.6994385298457928, 0.9970408082008362]",null,pending: no verified per-asset normalization/source dimensions,previews/ikea/sofa/ikea-stockholm-2025-sofa-de-1-plaza-alhamn-beige-demo-preview.png,True,254027,16bd599438153303bd801e32a497f6e01820d09da9a1075fdb49f9f79bc9c1fe,PNG signature,permissions/README.md,True,3630,4ea9d0a19c8c6da31aea84e82c1af1622d2323b78aed3aa47773f730eaa12aac,template pending; not a permission,ALL pending/not verified,excluded
ikea-stockholm-2025-sofa-de-2-plazas-alhamn-marron-oscuro-90591748-demo,assets/ikea/sofa/stockholm-2025-sofa-de-2-plazas-alhamn-marron-oscuro-90591748.glb,True,True,1316376,fd45755a3adfb81ca1390438f70d68b8966c732d603b00b8102a2f808ad8e10c,GLB,2,True,True,[],13034,636060,"[1.806132197380066, 0.7113442331901751, 1.0099082589149475]",null,pending: no verified per-asset normalization/source dimensions,previews/ikea/sofa/ikea-stockholm-2025-sofa-de-2-plazas-alhamn-marron-oscuro-90591748-demo-preview.png,True,251250,01137c95a18b53dd55d5a79f0b79613f18d88be0a29ab9e662d141ba28fc9a7a,PNG signature,permissions/README.md,True,3630,4ea9d0a19c8c6da31aea84e82c1af1622d2323b78aed3aa47773f730eaa12aac,template pending; not a permission,ALL pending/not verified,excluded
ikea-stockholm-2025-sofa-de-2-plazas-alhamn-turquesa-oscuro-demo,assets/ikea/sofa/stockholm-2025-sofa-de-2-plazas-alhamn-turquesa-oscuro.glb,True,True,462880,4094548bdc9319044f8804f76229d2aad6abdd803101d716af2e528e0e075797,GLB,2,True,True,"[""EXT_texture_webp"", ""KHR_draco_mesh_compression""]",7770,423720,"[1.8061946630477905, 0.7111188473645598, 1.0099954009056091]",null,pending: no verified per-asset normalization/source dimensions,previews/ikea/sofa/ikea-stockholm-2025-sofa-de-2-plazas-alhamn-turquesa-oscuro-demo-preview.png,True,283960,c32e5304eef049850ae77a358cb799f58b41e1568e7a44e4aad2f4d5974a8434,PNG signature,permissions/README.md,True,3630,4ea9d0a19c8c6da31aea84e82c1af1622d2323b78aed3aa47773f730eaa12aac,template pending; not a permission,ALL pending/not verified,excluded
ikea-stockholm-2025-sofa-de-3-plazas-sundhamn-beige-90586092-demo,assets/ikea/sofa/stockholm-2025-sofa-de-3-plazas-sundhamn-beige-90586092.glb,True,True,2639280,642ed3f4a0b04ea564fb9c652fa5bd284e52b8506edce8d7544d67fe0dfddf9e,GLB,2,True,True,"[""KHR_draco_mesh_compression""]",6308,425232,"[2.3612838025551977, 0.853934259489215, 1.0371671167885204]",null,pending: no verified per-asset normalization/source dimensions,previews/ikea/sofa/ikea-stockholm-2025-sofa-de-3-plazas-sundhamn-beige-90586092-demo-preview.png,True,313671,fae5eae94b6f20a095bc50c491973dc01cde0b6d0268511d744da94c9d999454,PNG signature,permissions/README.md,True,3630,4ea9d0a19c8c6da31aea84e82c1af1622d2323b78aed3aa47773f730eaa12aac,template pending; not a permission,ALL pending/not verified,excluded
ikea-stockholm-mesa-de-centro-chapa-nogal-demo,assets/ikea/coffee-table/stockholm-mesa-de-centro-chapa-nogal.glb,True,True,450684,ad3a84a1a8d41257fd62924eca5a2e5dd353afcd0fba2d5bd778888a65f6a231,GLB,2,True,True,"[""EXT_texture_webp"", ""KHR_draco_mesh_compression""]",70621,3118044,"[1.7994357347488403, 0.4021481937434146, 0.5895785391330719]",null,pending: no verified per-asset normalization/source dimensions,previews/ikea/coffee-table/ikea-stockholm-mesa-de-centro-chapa-nogal-demo-preview.png,True,173192,0dfd9c95282cd423768a450eab2965def8a17028c131fe554f402d892968a7b2,PNG signature,permissions/README.md,True,3630,4ea9d0a19c8c6da31aea84e82c1af1622d2323b78aed3aa47773f730eaa12aac,template pending; not a permission,ALL pending/not verified,excluded
ikea-viskafors-sofa-de-2-plazas-hogalid-marronabedul-demo,assets/ikea/sofa/viskafors-sofa-de-2-plazas-hogalid-marronabedul.glb,True,True,286652,81def6bbeec6ab0cdd19e6f2f81fbc512b6602de6f9e47981695f0255066a0d7,GLB,2,True,True,"[""EXT_texture_webp"", ""KHR_draco_mesh_compression""]",9384,509664,"[1.9564749002456665, 0.743157148361206, 0.9095106720924377]",null,pending: no verified per-asset normalization/source dimensions,previews/ikea/sofa/ikea-viskafors-sofa-de-2-plazas-hogalid-marronabedul-demo-preview.png,True,328492,45e0a54087b1c6e691933f55cbaa70560fbc137ecc63a7c70be1c4e8dae7b684,PNG signature,permissions/README.md,True,3630,4ea9d0a19c8c6da31aea84e82c1af1622d2323b78aed3aa47773f730eaa12aac,template pending; not a permission,ALL pending/not verified,excluded
ikea-kolbjorn-armario-para-interior-o-exterior-beige-demo,assets/ikea/outdoor-cabinet/kolbjorn-armario-para-interior-o-exterior-beige.glb,True,True,380080,1427cd2d5c1f652b1b7978e832ed3cbd5073dc60c5b87f4fc0c64ade02090c21,GLB,2,True,True,"[""EXT_texture_webp"", ""KHR_draco_mesh_compression""]",5077,635724,"[0.8033048510551453, 1.594637393951416, 0.3697752356529236]",null,pending: no verified per-asset normalization/source dimensions,previews/ikea/outdoor-cabinet/ikea-kolbjorn-armario-para-interior-o-exterior-beige-demo-preview.png,True,135345,930e8683675ba36983184d1bae17bd396851c7e2cf6414db1942be5ff526e09a,PNG signature,permissions/README.md,True,3630,4ea9d0a19c8c6da31aea84e82c1af1622d2323b78aed3aa47773f730eaa12aac,template pending; not a permission,ALL pending/not verified,excluded
ikea-kolbjorn-estanteria-con-2-armarios-beige-demo,assets/ikea/storage-shelf/kolbjorn-estanteria-con-2-armarios-beige.glb,True,True,368180,c915ad228ec24c1553a3819a603f821eb5bf39d9fc0dd25bbc802a5221232a31,GLB,2,True,True,"[""EXT_texture_webp"", ""KHR_draco_mesh_compression""]",14951,1476324,"[1.5997503995895386, 1.60983289514661, 0.36832740902900696]",null,pending: no verified per-asset normalization/source dimensions,previews/ikea/storage-shelf/ikea-kolbjorn-estanteria-con-2-armarios-beige-demo-preview.png,True,174926,f858672840dd8d0ccb5c179e37944bea9704261762004353bc8cd541a955f6e0,PNG signature,permissions/README.md,True,3630,4ea9d0a19c8c6da31aea84e82c1af1622d2323b78aed3aa47773f730eaa12aac,template pending; not a permission,ALL pending/not verified,excluded
ikea-kolbjorn-estanteria-con-armario-beige-demo,assets/ikea/storage-shelf/kolbjorn-estanteria-con-armario-beige.glb,True,True,648488,f342cbbb171651d01fc6cd605c333e4aa588271863b5f0aa3c3cbd93aadfe1aa,GLB,2,True,True,"[""EXT_texture_webp"", ""KHR_draco_mesh_compression""]",45437,3016796,"[0.8057987689971924, 1.6095914840698242, 0.3723917603492737]",null,pending: no verified per-asset normalization/source dimensions,previews/ikea/storage-shelf/ikea-kolbjorn-estanteria-con-armario-beige-demo-preview.png,True,156498,08026e032a891034f93d0d139bb1906d281209d427094e8c6e3174e70adcc1b9,PNG signature,permissions/README.md,True,3630,4ea9d0a19c8c6da31aea84e82c1af1622d2323b78aed3aa47773f730eaa12aac,template pending; not a permission,ALL pending/not verified,excluded
ikea-kolbjorn-estanteria-de-interior-y-exterior-80x35x162-cm-99291646-demo,assets/ikea/storage-shelf/kolbjorn-estanteria-de-interior-y-exterior-80x35x162-cm-99291646.glb,True,True,859180,45035d66ce2f823c0b8e8414369f19771aedb53a12e1876d47d6d0a7ca4996a0,GLB,2,True,True,"[""KHR_draco_mesh_compression""]",39843,3714036,"[0.8057004809379578, 1.609555302965191, 0.35570186376571655]",null,pending: no verified per-asset normalization/source dimensions,previews/ikea/storage-shelf/ikea-kolbjorn-estanteria-de-interior-y-exterior-80x35x162-cm-99291646-demo-preview.png,True,164160,2f164559b9376029b55f895c1d06709eba0ffe2181003773db46341244ed0626,PNG signature,permissions/README.md,True,3630,4ea9d0a19c8c6da31aea84e82c1af1622d2323b78aed3aa47773f730eaa12aac,template pending; not a permission,ALL pending/not verified,excluded
ikea-kolbjorn-estanteria-de-interior-y-exterior-beige-demo,assets/ikea/storage-shelf/kolbjorn-estanteria-de-interior-y-exterior-beige.glb,True,True,174128,1c8d33923f28887257b3e8b7b1996d97f24209f7adf36d9aa14bb74efd7225e3,GLB,2,True,True,"[""EXT_texture_webp"", ""KHR_draco_mesh_compression""]",18935,1309812,"[0.8057034313678741, 0.8102606872616889, 0.35570327937602997]",null,pending: no verified per-asset normalization/source dimensions,previews/ikea/storage-shelf/ikea-kolbjorn-estanteria-de-interior-y-exterior-beige-demo-preview.png,True,100637,4d4f144fb1aee61b6d6915814f6a7f703ca0a2ff05ed05a970ecef0a555a3195,PNG signature,permissions/README.md,True,3630,4ea9d0a19c8c6da31aea84e82c1af1622d2323b78aed3aa47773f730eaa12aac,template pending; not a permission,ALL pending/not verified,excluded
ikea-kolbjorn-mueble-de-almacenaje-beige-exteriorinterior-demo,assets/ikea/outdoor-storage/kolbjorn-mueble-de-almacenaje-beige-exteriorinterior.glb,True,True,223520,b0e7018f82989a6e4a67212f275411e38fa1518a3a450200a9a5e09dd9852447,GLB,2,True,True,"[""EXT_texture_webp"", ""KHR_draco_mesh_compression""]",36130,1981112,"[0.9067901372909546, 1.6140863397436078, 0.37612077593803406]",null,pending: no verified per-asset normalization/source dimensions,previews/ikea/outdoor-storage/ikea-kolbjorn-mueble-de-almacenaje-beige-exteriorinterior-demo-preview.png,True,93126,648575a4aea3487995edac7efbd477134ad2f94fa7007718e8005e582e5b7728,PNG signature,permissions/README.md,True,3630,4ea9d0a19c8c6da31aea84e82c1af1622d2323b78aed3aa47773f730eaa12aac,template pending; not a permission,ALL pending/not verified,excluded
ikea-lacko-silla-con-reposabrazos-exterior-gris-oscuro-demo,assets/ikea/outdoor-chair/lacko-silla-con-reposabrazos-exterior-gris-oscuro.glb,True,True,1312960,960a9ae3156f8309df013ec70f5235b2e520c0ec587d0a2d5a9b1b85a7c4d332,GLB,2,True,True,"[""EXT_texture_webp"", ""KHR_draco_mesh_compression""]",52388,3923664,"[0.5682103037834167, 0.7795754189428408, 0.6683706641197205]",null,pending: no verified per-asset normalization/source dimensions,previews/ikea/outdoor-chair/ikea-lacko-silla-con-reposabrazos-exterior-gris-oscuro-demo-preview.png,True,268109,b6d8ebf0ba90f5d9b0aa124a14982714e054b1b88b54e3462bedea63597b4df7,PNG signature,permissions/README.md,True,3630,4ea9d0a19c8c6da31aea84e82c1af1622d2323b78aed3aa47773f730eaa12aac,template pending; not a permission,ALL pending/not verified,excluded
ikea-lacko-sofa-2-plazas-exterior-gris-demo,assets/ikea/outdoor-sofa/lacko-sofa-2-plazas-exterior-gris.glb,True,True,120544,84726dc9d7626270145bff4c15358b998b36ddc7ec3e876fe00145184192fb24,GLB,2,True,True,"[""EXT_texture_webp"", ""KHR_draco_mesh_compression""]",15664,780064,"[1.152957797050476, 0.8679570119566051, 0.5632427334785461]",null,pending: no verified per-asset normalization/source dimensions,previews/ikea/outdoor-sofa/ikea-lacko-sofa-2-plazas-exterior-gris-demo-preview.png,True,197880,1ad1162ef7380ffdf4f490086dbd3780408b72bf17765a788868dc5178129946,PNG signature,permissions/README.md,True,3630,4ea9d0a19c8c6da31aea84e82c1af1622d2323b78aed3aa47773f730eaa12aac,template pending; not a permission,ALL pending/not verified,excluded
ikea-lagaskar-mesa-de-centro-exterior-beige-90543762-demo,assets/ikea/outdoor-table/lagaskar-mesa-de-centro-exterior-beige-90543762.glb,True,True,600160,d8bd8602537940322a61c7f1f22e06c37eea0118dd878c1e951d07ce6ad536ed,GLB,2,True,True,"[""KHR_draco_mesh_compression""]",24046,1340136,"[0.7406876984024606, 0.42402472924650386, 0.7406876984024606]",null,pending: no verified per-asset normalization/source dimensions,previews/ikea/outdoor-table/ikea-lagaskar-mesa-de-centro-exterior-beige-90543762-demo-preview.png,True,98648,b3047e9113caeb21ecc8acd5a1edef5773691fb8692faf660e37ec4b5b18ae5c,PNG signature,permissions/README.md,True,3630,4ea9d0a19c8c6da31aea84e82c1af1622d2323b78aed3aa47773f730eaa12aac,template pending; not a permission,ALL pending/not verified,excluded
ikea-mabarsskar-mesa-de-centro-exterior-interiorblanco-demo,assets/ikea/outdoor-table/mabarsskar-mesa-de-centro-exterior-interiorblanco.glb,True,True,91916,f476413a9a30664a6bc1f282eab4206357ba65dbe9a045817fb9edc5532d8075,GLB,2,True,True,"[""EXT_texture_webp"", ""KHR_draco_mesh_compression""]",13088,612224,"[0.6074941754341125, 0.7134484368143603, 0.41440653800964355]",null,pending: no verified per-asset normalization/source dimensions,previews/ikea/outdoor-table/ikea-mabarsskar-mesa-de-centro-exterior-interiorblanco-demo-preview.png,True,129887,2f02f5bbd9b4951c2d1140df98d35ded5805b05ffff3e44a6db4efee8f0f4aea,PNG signature,permissions/README.md,True,3630,4ea9d0a19c8c6da31aea84e82c1af1622d2323b78aed3aa47773f730eaa12aac,template pending; not a permission,ALL pending/not verified,excluded
ikea-nammaro-banco-con-respaldo-de-exterior-tinte-marron-claro-demo,assets/ikea/outdoor-bench/nammaro-banco-con-respaldo-de-exterior-tinte-marron-claro.glb,True,True,168292,1aa3daceb153c5945b7e4d7a7114e5d69861ef99ad48867488232c9380bc3b32,GLB,2,True,True,"[""EXT_texture_webp"", ""KHR_draco_mesh_compression""]",12444,688208,"[1.0600236654281616, 0.784013586007859, 0.6317678689956665]",null,pending: no verified per-asset normalization/source dimensions,previews/ikea/outdoor-bench/ikea-nammaro-banco-con-respaldo-de-exterior-tinte-marron-claro-demo-preview.png,True,382943,ab32951281f96ceb9542c049f8cc62f40c41a40319d8b9004ab6901efdcd7ad5,PNG signature,permissions/README.md,True,3630,4ea9d0a19c8c6da31aea84e82c1af1622d2323b78aed3aa47773f730eaa12aac,template pending; not a permission,ALL pending/not verified,excluded
ikea-nammaro-banco-jardin-tinte-marron-claro-demo,assets/ikea/outdoor-bench/nammaro-banco-jardin-tinte-marron-claro.glb,True,True,133792,3c5b01d049c5486bf2ffde4a00c78c079d0e3872ad3549ea93ac0181a8140b4f,GLB,2,True,True,"[""EXT_texture_webp"", ""KHR_draco_mesh_compression""]",7227,404868,"[1.2000118494033813, 0.45022426854393416, 0.3998085558414459]",null,pending: no verified per-asset normalization/source dimensions,previews/ikea/outdoor-bench/ikea-nammaro-banco-jardin-tinte-marron-claro-demo-preview.png,True,225257,5c019f72e3d51f5ecb47b2470f5a487f3cb24e29587b0ddb8596948b86d1f9cb,PNG signature,permissions/README.md,True,3630,4ea9d0a19c8c6da31aea84e82c1af1622d2323b78aed3aa47773f730eaa12aac,template pending; not a permission,ALL pending/not verified,excluded
ikea-nammaro-baul-tinte-marron-claro-interiorexterior-demo,assets/ikea/deck-box/nammaro-baul-tinte-marron-claro-interiorexterior.glb,True,True,166456,5d0c367eb64181c962186abf0c1cebe5fe0510774046eb75076195f46e0ba91a,GLB,2,True,True,"[""EXT_texture_webp"", ""KHR_draco_mesh_compression""]",9539,561700,"[0.800013393163681, 0.45500092381757895, 0.40000098943710327]",null,pending: no verified per-asset normalization/source dimensions,previews/ikea/deck-box/ikea-nammaro-baul-tinte-marron-claro-interiorexterior-demo-preview.png,True,392700,c6c9661edea9f945a93c7f7411302c90fec5eb170d1550e24285d7864a4fc0c0,PNG signature,permissions/README.md,True,3630,4ea9d0a19c8c6da31aea84e82c1af1622d2323b78aed3aa47773f730eaa12aac,template pending; not a permission,ALL pending/not verified,excluded
ikea-nammaro-caja-y-pantalla-privacidad-exteriortinte-marron-claro-demo,assets/ikea/privacy-screen/nammaro-caja-y-pantalla-privacidad-exteriortinte-marron-claro.glb,True,True,422968,99af5d4c64fb29f7d3e79dad2d53e9b25f08141038d167c9a39fcd5e3b1ba56b,GLB,2,True,True,"[""EXT_texture_webp"", ""KHR_draco_mesh_compression""]",5752,417600,"[0.8022502064704895, 1.4000053405761719, 0.6764070391654968]",null,pending: no verified per-asset normalization/source dimensions,previews/ikea/privacy-screen/ikea-nammaro-caja-y-pantalla-privacidad-exteriortinte-marron-claro-demo-preview.png,True,412850,5ebe1a8e581497682df09e53f8fb57265a17e5f922cb9522f5494d017c2544d1,PNG signature,permissions/README.md,True,3630,4ea9d0a19c8c6da31aea84e82c1af1622d2323b78aed3aa47773f730eaa12aac,template pending; not a permission,ALL pending/not verified,excluded
ikea-nammaro-pantalla-para-privacidad-tinte-marron-claro-interiorexterior-demo,assets/ikea/privacy-screen/nammaro-pantalla-para-privacidad-tinte-marron-claro-interiorexterior.glb,True,True,481544,671ca5758de6a9caeeae216874c50d3e1d7440d5eb8c4c73b66b5b27de56e8a6,GLB,2,True,True,"[""EXT_texture_webp"", ""KHR_draco_mesh_compression""]",3510,226248,"[0.801006019115448, 1.4014181881211698, 0.5004575848579407]",null,pending: no verified per-asset normalization/source dimensions,previews/ikea/privacy-screen/ikea-nammaro-pantalla-para-privacidad-tinte-marron-claro-interiorexterior-demo-preview.png,True,400813,6c1ce580865b920e5a202f52bfd1cbe5fc1023214e58a1b3a65cb83f0790fb6d,PNG signature,permissions/README.md,True,3630,4ea9d0a19c8c6da31aea84e82c1af1622d2323b78aed3aa47773f730eaa12aac,template pending; not a permission,ALL pending/not verified,excluded
ikea-nammaro-taburete-de-exterior-plegabletinte-marron-claro-demo,assets/ikea/outdoor-stool/nammaro-taburete-de-exterior-plegabletinte-marron-claro.glb,True,True,124864,d558e1193bb225f488705ac04be3b36c7742dd308b95babb6173d1edabf48ecc,GLB,2,True,True,"[""EXT_texture_webp"", ""KHR_draco_mesh_compression""]",6433,327724,"[0.36490312218666077, 0.4499739156708529, 0.36490312218666077]",null,pending: no verified per-asset normalization/source dimensions,previews/ikea/outdoor-stool/ikea-nammaro-taburete-de-exterior-plegabletinte-marron-claro-demo-preview.png,True,329670,5b288538e29230329e7efa3572c7e32bd39283803599570133fba7dd8c341044,PNG signature,permissions/README.md,True,3630,4ea9d0a19c8c6da31aea84e82c1af1622d2323b78aed3aa47773f730eaa12aac,template pending; not a permission,ALL pending/not verified,excluded
ikea-paronholmen-banco-con-respaldo-de-exterior-rojo-90503799-demo,assets/ikea/outdoor-bench/paronholmen-banco-con-respaldo-de-exterior-rojo-90503799.glb,True,True,104224,a08aad662ff93d243c305e089c887cad9ad3ae1fd2a84b054e58301f2b750708,GLB,2,True,True,"[""KHR_draco_mesh_compression""]",4826,384120,"[1.1100000143051147, 0.8300034643066283, 0.7000052630901337]",null,pending: no verified per-asset normalization/source dimensions,previews/ikea/outdoor-bench/ikea-paronholmen-banco-con-respaldo-de-exterior-rojo-90503799-demo-preview.png,True,333943,dd3e642062bfe76e3c8dca7a67163dfca62a42318b741546bd8d5bbc13b17a7e,PNG signature,permissions/README.md,True,3630,4ea9d0a19c8c6da31aea84e82c1af1622d2323b78aed3aa47773f730eaa12aac,template pending; not a permission,ALL pending/not verified,excluded
